date,symbol,return,open,high,low,close,usd_volume,base_volume,v_7d,v_14d,v_21d,v_28d,v_42d,momentum_14,volatility_14,momentum_21,volatility_21,momentum_28,volatility_28,momentum_42,volatility_42,momentum_90,volatility_90,return_sign_consistency_3d,long_candle_ratio_5d,strev_daily,strev_weekly,compound_weekly,extremely_positive_ratio,extremely_negative_ratio
2025-08-13,1INCH,0.03304790316939732,0.272554460219992,0.280135199967016,0.268493479548332,0.277423123415087,20604190.4572733,74929067.8923528,0.0944076242382863,0.3080312325098973,0.37479160640617337,0.04851720038750429,-0.6086632522279629,-0.05229371674349281,0.9415640732661967,-0.17717585094967647,0.8727541069974909,0.1710200706781171,0.8288324411974582,0.3802312457898589,1.0149927249689858,0.1390014335071359,0.9052023278787031,0.6666666666666666,0.4,0.017705413913942068,0.03304790316939732,0.7028781333333333,0.092,0.08
2025-08-20,1INCH,-0.027845766227779678,0.277423123415087,0.282966022373385,0.267184527706358,0.26969806397429,8371620.42591746,30455937.8703374,-0.8661540702207287,-0.6321373308686002,-0.5210643803212829,-0.7188188516260059,-1.5166007359259144,0.015528823166232053,0.8951994101319066,-0.14000198364597705,0.8676727416669006,0.09690130636254435,0.8326186325808629,0.4781970566111413,1.020655535008243,0.13719659588049105,0.9070882010753871,0.6666666666666666,0.4,-0.028240810389125917,-0.027845766227779678,0.6969214666666667,0.12,0.08
2025-08-13,A,0.12042723237567032,0.549697325470462,0.605297814123796,0.544529337460499,0.56903830938195,82806268.1414803,144301204.38117,0.8952841816609549,0.9663002235743434,0.7709306800694584,0.6856082167411301,0.7018144801320112,-0.16308799651372996,0.5406691778771601,-0.09054165372233525,0.5837186346210738,-0.029360052439916684,0.5583837041614371,-0.0007320313731168371,0.5142855267371016,0.0,0.0,0.6666666666666666,0.2,0.03457995000055063,0.12042723237567032,0.7028781333333333,0.092,0.08
2025-08-20,A,-0.03031622557393876,0.56903830938195,0.577459274201752,0.549228726838053,0.551787215634514,32536279.4430288,57609762.686511,-0.2677015144772703,-0.07122272103645244,-0.09638975877562928,-0.2911696669033894,-0.26438697408438117,-0.07659744711098304,0.5111122234567642,-0.06702127654416445,0.5518521387251413,-0.025089243520693194,0.5658451022093378,0.07333532943595489,0.5239530558957876,0.0,0.0,0.6666666666666666,0.2,-0.030785266382462578,-0.03031622557393876,0.6969214666666667,0.12,0.08
2025-08-13,AAVE,0.25983706208145807,321.948167263793,335.355859998301,316.770252682794,332.055096384871,480607128.475324,1476438.58047613,0.42151614288260575,0.5576895302358054,0.5208757629017526,0.3692695667504253,0.353170893258131,-0.0921622246814725,0.8892158731336454,-0.18466213752503036,0.8130055058091448,-0.12623175782422769,0.7671042955343627,0.028525801942677287,0.7033721036203243,0.2774387780798282,0.7777232352560957,0.6666666666666666,0.4,0.030910346757604464,0.25983706208145807,0.7028781333333333,0.092,0.08
2025-08-20,AAVE,-0.015559891268873693,332.055096384871,340.019033427709,324.94760745562,326.888355189847,215982371.331686,649595.166316485,-0.5142743319100873,-0.29353849120987263,-0.2821344259782528,-0.4284498500465759,-0.45628052962869603,-0.003434404721269435,0.8351943449342573,-0.11300822629793328,0.8133858655223986,-0.07611373864207327,0.7690988994472207,0.13812777007822485,0.7054860822900432,0.34862672897261016,0.7766818666905362,0.6666666666666666,0.2,-0.015682216952389288,-0.015559891268873693,0.6969214666666667,0.12,0.08
2025-08-13,AB,0.00443491138183294,0.0081912131445847,0.0081994739035952,0.008143647191618,0.0081615874246677,5636893.01319516,689472937.42752,-0.7215755655723157,-0.915478621251971,-1.0040252847220295,-1.0484454639699372,-1.0659305232927885,-0.06450425198251342,0.10968289397613369,-0.08601850304954839,0.1390774158799386,-0.05263381260597866,0.1647265356923232,-0.1632894864032064,0.3053070048104908,0.10959897697223431,0.9930956470798808,0.3333333333333333,0.0,-0.0036233246046456316,0.00443491138183294,0.7028781333333333,0.092,0.08
2025-08-20,AB,0.0031461438799260666,0.0081615874246677,0.0081988178967644,0.0081501702341651,0.0081872649529943,2575616.46672077,314914629.63238,-1.3598927800063016,-1.6393937058513046,-1.7468931118031676,-1.8029604063867488,-1.8335687745909723,-0.07119605225389092,0.11314157018267805,-0.06370691531505313,0.1327094977187414,-0.10368577644778043,0.1484695093467194,-0.13262381215620445,0.27863251456137017,0.08303645326544795,0.9928892914181437,0.6666666666666666,0.0,0.0031412051252467286,0.0031461438799260666,0.6969214666666667,0.12,0.08
2025-08-13,ADA,0.21789607729952487,0.840461468846876,0.920214889649718,0.833003115535435,0.903323806231562,1587843177.81588,1821230325.77435,0.6776165603256139,0.7751181908763485,0.6843256348147904,0.5097038765338269,0.5896375974236925,-0.09072299100965242,0.8052545827664999,-0.02903086721953163,0.7182238492040292,0.19143536057255917,0.7884140746594528,0.30669527931544605,0.7327636442814093,-0.035891446150145834,0.6884574115586971,0.6666666666666666,0.4,0.07212996987785898,0.21789607729952487,0.7028781333333333,0.092,0.08
2025-08-20,ADA,0.08600436952844848,0.903323806231562,1.01736380378664,0.903323806231562,0.981013600666546,2220711995.28314,2273719559.95874,0.8302386805256816,1.0353263084041444,1.0093642608288391,0.8237795503511727,0.9002638750664858,-0.02291320736950686,0.8413920413266087,-0.04047025898197609,0.7825895348667483,0.16333066409861963,0.8020293883207564,0.41874176538691965,0.7618885964067338,0.012168487792308058,0.7071985441303612,1.0,0.4,0.08250524501050804,0.08600436952844848,0.6969214666666667,0.12,0.08
2025-08-13,AERO,0.5136610760163769,1.23091707111262,1.43554014717844,1.20370124399766,1.38793440829705,133187041.622639,100738068.731046,0.32073336795101426,0.8150610676233185,1.0135079751230869,1.0731883670962503,1.2207666629657403,-0.1624914027939618,1.5219544274284384,-0.18457968266010905,1.3330500889961456,0.049289276601455434,1.2406660063677952,-0.04107420028432174,1.1136578005248772,-0.04548224346062324,1.1678247945076172,0.6666666666666666,0.2,0.12005712685447788,0.5136610760163769,0.7028781333333333,0.092,0.08
2025-08-20,AERO,-0.042984308627711076,1.38793440829705,1.38793440829705,1.3120834305318,1.32827500733579,33376802.566279,24721779.2807488,-1.2278821712994734,-0.6944046238020043,-0.46400129042308436,-0.37273886817942525,-0.22958920480975564,-0.012034270776434486,1.5354953312278026,-0.04676456483816949,1.3472043245884475,0.11344397913826088,1.2536921951733089,0.1192800301525323,1.1256736200297044,0.1003223706670835,1.168560634328432,0.6666666666666666,0.4,-0.04393549124532785,-0.042984308627711076,0.6969214666666667,0.12,0.08
2025-08-13,AIOT,0.4756365024976459,0.552311533305758,0.62588163152454,0.551302550747272,0.600127481210187,3447742.20206175,5780892.29521194,0.05125811534999336,0.5790229027210341,0.0,0.0,0.0,0.0,1.0852746198520606,0.0,0.0,0.0,0.0,0.0,0.0,0.0,0.0,1.0,0.2,0.08302984232164386,0.4756365024976459,0.7028781333333333,0.092,0.08
2025-08-20,AIOT,0.05745834762240287,0.600127481210187,0.634621040761856,0.598350833594872,0.634609814643319,2421985.79095993,3954822.37249756,-0.4310447059722158,0.1304891216676065,0.0,0.0,0.0,0.0,1.0857742285958345,0.0,0.0,0.0,0.0,0.0,0.0,0.0,0.0,1.0,0.4,0.05586824357147605,0.05745834762240287,0.6969214666666667,0.12,0.08
2025-08-13,AIOZ,0.40881330567130747,0.402707605952223,0.457716953317009,0.391038736836574,0.452929076342214,24245644.6377338,57392315.9086976,0.8549761474932431,1.0037119339599805,0.9460813161743076,0.8435195203930874,0.881171435606678,-0.2297907558169121,1.2459204019739587,-0.21028407957567086,1.1165574356941603,-0.002659439832224053,1.2029674902053276,0.026644760044465476,1.0668466035042714,-0.2926011075666819,1.0987407002134468,0.6666666666666666,0.4,0.11752479378986631,0.40881330567130747,0.7028781333333333,0.092,0.08
2025-08-20,AIOZ,-0.043052699336590616,0.452929076342214,0.466629039081641,0.431543161775489,0.433429256997653,8964064.70259213,20010024.5772549,-0.35793838516148924,-0.10621454728919844,-0.10440705684335327,-0.1931060352220122,-0.14947655911047164,-0.1473132027073495,1.2726978260776423,-0.18004700320911982,1.1219055522423265,-0.0290442426100882,1.2115729096793286,0.11192793519068567,1.0767288542133158,-0.2441410656144487,1.1011848337220425,0.6666666666666666,0.4,-0.04400695627280563,-0.043052699336590616,0.6969214666666667,0.12,0.08
2025-08-13,AKT,0.1540679248909511,1.2909395527111,1.34625000552458,1.26711476306182,1.34236276535132,14275723.1382721,10887932.9237524,0.3300782967901519,0.5374685155308807,0.4147778014513399,0.34829247175836286,0.16348206916509866,-0.14840566511786513,0.6584263857625525,-0.16269519988977588,0.6695065219109823,0.031229948025171872,0.7197102407866033,0.08019528255842023,0.6947642190292093,-0.33550772582639365,0.8436422205039377,0.6666666666666666,0.0,0.03906103027273255,0.1540679248909511,0.7028781333333333,0.092,0.08
2025-08-20,AKT,0.04194170429100441,1.34236276535132,1.44938298772679,1.34064950548977,1.39866374750694,28121075.899764,19966930.9836274,0.8816335330764105,1.1678455335855293,1.0852288162372723,1.0208276694783898,0.8310674442772239,-0.10704341062399692,0.6244608589090858,-0.12059070546449557,0.6901071870363132,0.003691548474284767,0.734291013059509,0.14810606717985197,0.7024318359211975,-0.34146238964848896,0.8473455224735096,1.0,0.0,0.04108599578821775,0.04194170429100441,0.6969214666666667,0.12,0.08
2025-08-13,ALGO,0.1533375089769009,0.271190712317049,0.281615500231051,0.267515686241402,0.280167860717646,119621269.948468,434628937.129534,0.09164710189831027,0.2548014378871244,0.19776508777807322,-0.06548326444083585,-0.08060867567010987,-0.09132054531046896,0.8592404874004634,-0.14501231545534143,0.820352094494005,0.2171337510850333,0.9533395068511902,0.3299152034279369,0.9761007754446845,0.03712653076166106,0.8676365263069522,0.6666666666666666,0.0,0.0325666172411375,0.1533375089769009,0.7028781333333333,0.092,0.08
2025-08-20,ALGO,-0.02659032142932649,0.280167860717646,0.28947875213653,0.271940373299199,0.272718107246997,71794947.9828552,255481715.010965,-0.5025618065452342,-0.28739542663724293,-0.29393828229931884,-0.5503371409564295,-0.601607234004593,0.011217799102769321,0.8439422526988122,-0.16898122482001277,0.8226438172893364,0.20088067043813274,0.8586473957226015,0.477119113259598,0.9819568551867354,0.09184502225887115,0.8691858515004112,0.6666666666666666,0.0,-0.026950238576252877,-0.02659032142932649,0.6969214666666667,0.12,0.08
2025-08-13,AMP,0.05327162315391054,0.0037596790384222,0.0038362839133273,0.0037296912706496,0.0037893421416606,6675757.43393444,1765092515.87295,-0.12190270329621988,-0.19101195636544865,-0.18486245485915198,-0.2948879292816624,-0.32499933177014206,-0.08567042151650284,0.6062561792159032,-0.08853933614192222,0.5375666074285638,0.02820729210437123,0.5521985778408786,0.0465573970123363,0.5381330468682727,-0.16724048283514137,0.5923383843464718,0.6666666666666666,0.4,0.007858834993281773,0.05327162315391054,0.7028781333333333,0.092,0.08
2025-08-20,AMP,-0.014765991605255158,0.0037893421416606,0.0038442775571582,0.003714489266291,0.0037333887474074,3147111.74141692,832846076.999934,-0.661210050747119,-0.9611459988993243,-0.9013618814477553,-1.029919200393934,-1.080372231949319,-0.06111395505233985,0.5953391460232591,-0.08185807831002578,0.5402396898812681,0.002790452421159051,0.5508993472014404,0.11865860056891764,0.5403893905228282,-0.16812558349385442,0.5924105010900436,0.6666666666666666,0.2,-0.014876094051440665,-0.014765991605255158,0.6969214666666667,0.12,0.08
2025-08-13,APE,0.15860905832235228,0.639181893815521,0.662515243553921,0.63383819688561,0.659314009335642,24806590.8935993,38247456.2942257,-0.19124290782723108,-0.044277767127962164,-0.19592935826583613,-0.3037115313609746,-0.15116949248546518,-0.15957594108369277,0.6927206822387022,-0.1483461645666635,0.6925661481271692,-0.09994227635289299,0.6710996998772342,-0.07147422635965694,0.6299079385529014,0.0063041768015073,0.7516530668374161,0.6666666666666666,0.4,0.031010846966517278,0.15860905832235228,0.7028781333333333,0.092,0.08
2025-08-20,APE,-0.023752027613922366,0.659314009335642,0.665045754187197,0.637182878507983,0.643653964779656,11237916.8970739,17231961.3069552,-0.9504613020491277,-0.8393716549251558,-0.8802925088120297,-1.0884104167378013,-0.9399692435483509,-0.06992507819494576,0.6646699289669745,-0.11607905195547619,0.6643556772095286,-0.09518273139361177,0.6746126606751202,-0.007684958249412954,0.6339841753987868,-0.06808526757017519,0.7521806519222218,0.6666666666666666,0.4,-0.02403865477167589,-0.023752027613922366,0.6969214666666667,0.12,0.08
2025-08-13,APT,0.18773548069618196,4.81750427176725,5.08776684800006,4.72615325054828,5.04795671281259,285196645.083129,57780209.1914543,0.5957092667750565,0.6748397190377169,0.5608875070782879,0.4374389202711555,0.578402186290603,-0.11751071976239613,0.6741429010475186,-0.17001082813073853,0.6520413821059549,-0.07008293043548852,0.7064343718656684,-0.11981679417656488,0.6543564461160057,-0.2139325673045539,0.7498558420366136,0.6666666666666666,0.2,0.04672754206110745,0.18773548069618196,0.7028781333333333,0.092,0.08
2025-08-20,APT,-0.016776293268346065,5.04795671281259,5.14437083601204,4.88600613034694,4.96327071059253,101893265.231134,20259002.0528906,-0.5980503502376315,-0.41664550860253513,-0.4343560027614828,-0.6047214141214106,-0.47390268576173256,-0.045524174096827186,0.6402817737169152,-0.15180654296392904,0.6315957126757163,-0.0803608839513309,0.7057646366817695,-0.08253583525385921,0.6566594799715937,-0.19723772603787026,0.7503279353897994,0.6666666666666666,0.2,-0.016918609210934014,-0.016776293268346065,0.6969214666666667,0.12,0.08
2025-08-13,AR,0.255055875769572,7.79240297543772,8.55237893659079,7.69288759509466,8.43921443594116,61943754.2752291,7566753.434362,0.5880384380634283,0.6324925656366034,0.5814211596880519,0.46420989818416913,0.5488859462447948,-0.09934630790158139,1.0636566815450537,-0.09234164920632226,0.9890847042179944,0.19233238162387645,1.0976626996768453,0.39159699465518005,1.0659479290699996,-0.09827843714593643,1.0150311092655704,0.6666666666666666,0.4,0.07973994640244694,0.255055875769572,0.7028781333333333,0.092,0.08
2025-08-20,AR,-0.03840025714906348,8.43921443594116,8.49061256013813,8.04177367679596,8.11514643146493,27984412.7444617,3388496.49020764,-0.34809807686150407,-0.21469207294389747,-0.22682105508567574,-0.3382918275340394,-0.27061653893074933,-0.016033523712910447,1.043102190017593,-0.037609051616951605,0.9964008508468493,0.15052773340196324,1.1089800670109558,0.51067539102847,1.0760589864733658,-0.10047762298261376,1.0157929374178403,0.6666666666666666,0.4,-0.03915698261914095,-0.03840025714906348,0.6969214666666667,0.12,0.08
2025-08-13,ARB,0.46322332721788584,0.477215396171878,0.581390351147239,0.470252672293745,0.569576096296723,1134072945.10692,2153921102.7938,1.3615073547675642,1.505469671935181,1.4361330370189442,1.27920451729889,1.4239008289238413,-0.10221910948192514,1.253576947903944,-0.11569877273839313,1.09038440704295,0.09557207959836544,1.0400959127925802,0.23778528302630697,0.9634708744096494,0.016846651655040956,1.0016048171271081,0.6666666666666666,0.6,0.14779632042171814,0.46322332721788584,0.7028781333333333,0.092,0.08
2025-08-20,ARB,-0.050026163815868996,0.569576096296723,0.575195429778396,0.535934361762453,0.54108238919778,325931890.297763,591875445.674061,-0.2798501329282068,0.032933049043862184,0.0763123627817528,-0.044018635080465884,0.1093121744726524,-0.031657394612515155,1.266153043440167,-0.0724324021304309,1.1194043848187645,0.05238277989358653,1.0606594799913027,0.3485673110852672,0.9786560730619464,0.04170380651396077,1.0065805414259632,0.6666666666666666,0.6,-0.051320835625616415,-0.050026163815868996,0.6969214666666667,0.12,0.08
2025-08-13,ATH,-0.025017574303203838,0.0345074157476894,0.0349216111121622,0.0335470142007242,0.0347335255314146,28149825.7802901,818344631.276066,0.32391645390184465,0.2618272680620102,0.2355104579993892,0.22020030337556307,0.24923188872967117,0.07523624228627757,1.0995761718902877,0.08135559953984495,0.9692674103395439,0.30348578179003693,0.8786233844211073,0.22194883868394477,0.831007570498661,0.012624473237501377,0.8198988526818104,0.6666666666666666,0.4,0.006531124022425109,-0.025017574303203838,0.7028781333333333,0.092,0.08
2025-08-20,ATH,-0.03652047065352815,0.0347335255314146,0.0351399552295459,0.0333608907511619,0.033465040831551,12584406.0823256,367301649.408225,-0.5392965835392687,-0.5479238969189169,-0.5746205151038737,-0.5802013924584912,-0.5626456633086718,0.07839881961535311,1.0959450628989704,0.10422189119416703,0.9807978275808046,0.24583380163423763,0.88985254676805,0.30082252181723157,0.8392588252463589,0.008821516988760658,0.8222562127112251,0.6666666666666666,0.4,-0.03720403749096702,-0.03652047065352815,0.6969214666666667,0.12,0.08
2025-08-13,ATOM,0.12209505305552693,4.70282883493187,4.88853463504944,4.65477172435411,4.85306504649862,134079980.170408,27957677.8838707,0.2717658390314419,0.2782919372291879,0.283197566277817,0.23192346524551155,0.3469079328874223,-0.08018657691151243,0.5908541998626906,-0.0884036402346089,0.5825026755177876,0.002757310955129988,0.6188811566218384,0.08079523824704249,0.5925478885233845,-0.0471441669439413,0.6345552402200935,0.6666666666666666,0.0,0.031446266259950936,0.12209505305552693,0.7028781333333333,0.092,0.08
2025-08-20,ATOM,-0.018332193239894323,4.85306504649862,4.91392665821796,4.73782183596518,4.76409772026043,50890264.6925211,10524932.6290525,-0.7767909459595153,-0.6924590534163713,-0.6755901671096858,-0.7471386042340811,-0.6382078683877666,-0.03332087194655586,0.5308492435188215,-0.07920276831017692,0.5837623206996846,-0.031194890057496316,0.6167535207683269,0.14826232106190096,0.5961161308697135,-0.09576561528597038,0.6352679814631587,0.6666666666666666,0.0,-0.01850231017972744,-0.018332193239894323,0.6969214666666667,0.12,0.08
2025-08-13,AVAX,0.14509890986347584,24.6613289989088,25.6580250348468,24.369749743356,25.4659514692707,566455040.865929,22599364.8447997,0.2500069053344802,0.31417056371565977,0.22330485180563642,0.16353787506609763,0.307346109133114,-0.07153799066970068,0.8505962297180428,-0.018165576582521714,0.7884951905406106,0.14020820788828225,0.7851104556866415,0.26406078594221594,0.7148968596303403,0.0040095765597560895,0.7607789093996038,0.6666666666666666,0.2,0.03210593425881346,0.14509890986347584,0.7028781333333333,0.092,0.08
2025-08-20,AVAX,-0.015073111492786229,25.4659514692707,25.96954418601,24.9493658979136,25.0821003435045,248684873.27445,9772702.01904052,-0.6619567607788994,-0.5184683483758228,-0.592586870540277,-0.6696036679823045,-0.5306675309697404,-0.013030771138056063,0.8274290229820785,-0.022611436516461803,0.7896344206741901,0.12906114679128944,0.7657704600042795,0.35418260174031757,0.7178669773050762,0.003783796543163742,0.7604604387429197,0.6666666666666666,0.2,-0.015187865430622659,-0.015073111492786229,0.6969214666666667,0.12,0.08
2025-08-13,AXL,0.10661109239666122,0.361586982580694,0.372928393207429,0.357862490171923,0.370934737588876,8239328.29696263,22448443.283491,0.14682938709568738,0.15642061708374655,-0.8555886772191723,-0.7095171231615236,-0.5156183210657819,-0.08483208103287931,0.7448124859149378,-0.09205645137792196,0.9766975536867616,-0.014994405986488712,0.9280263177236713,0.011217183019246457,0.8262902159632792,-0.37114876494378635,0.8526574745334481,0.6666666666666666,0.0,0.025523509299873834,0.10661109239666122,0.7028781333333333,0.092,0.08
2025-08-20,AXL,-0.024078135474561946,0.370934737588876,0.375590761374993,0.359143901358966,0.36200332072499,3789369.88511242,10295520.2871337,-0.6793271689677596,-0.6160839791444968,-1.6269361918500547,-1.486478489291203,-1.2941065142615624,-0.10829478591087494,0.6866975153119931,-0.05550586229311605,0.9384814936255399,-0.016748095016162035,0.9322445287533222,0.0933283664417357,0.8301700713229127,-0.3571577766884001,0.8530595297048237,0.6666666666666666,0.0,-0.024372752612454834,-0.024078135474561946,0.6969214666666667,0.12,0.08
2025-08-13,AXS,0.15664095201130435,2.52674918170766,2.66988178114283,2.50388805617787,2.64195747873659,20903738.8538812,8065473.6168555,0.4284385803364188,0.4346877326793148,0.28637385541195925,0.15191630134044232,0.18468606127112253,-0.11827281439539672,0.7640895487960743,-0.1282131110584398,0.7424212808053688,-0.0019507484856360335,0.7772644487244736,0.024459993775173716,0.7388709651236889,-0.15756192076323683,0.769853063066614,0.6666666666666666,0.4,0.04458654350327453,0.15664095201130435,0.7028781333333333,0.092,0.08
2025-08-20,AXS,-0.023945207423664794,2.64195747873659,2.67318456464726,2.54831626993855,2.57869525890374,7275952.19268983,2781723.90333511,-0.7497827695528088,-0.6412761562712816,-0.7176288624976799,-0.9009549431023842,-0.8725739176155933,-0.04693778608067567,0.7146735221379458,-0.09415991245198418,0.7374253884963512,-0.02482820710876088,0.7816129513376028,0.10405751498332294,0.7429427400230101,-0.15919237484828186,0.7709484241372033,0.6666666666666666,0.2,-0.024236554210062048,-0.023945207423664794,0.6969214666666667,0.12,0.08
2025-08-13,B,0.2586186986599879,0.61563241002345,0.650652967505105,0.595779821334467,0.602776713025102,6998613.14418447,11274240.7072203,-0.09874191874844485,-0.04729544406433561,-0.09644169570157146,-0.06521710879775178,-0.13676211118687398,-0.03975844827020014,1.1189870453883328,0.08369728246862951,1.2607091276660538,0.1854855231706105,1.110527931510854,0.0,1.27882539263046,0.0,0.0,0.3333333333333333,0.2,-0.02110321377931707,0.2586186986599879,0.7028781333333333,0.092,0.08
2025-08-20,B,-0.06879148047954575,0.602776713025102,0.620623578539737,0.556175745633334,0.561310810537511,3309761.43853999,5618712.20846702,-0.8704369634608433,-0.7862288464534402,-0.8419628451343275,-0.8158006980605474,-0.8776478122336577,0.05511085095117885,1.19417551615187,0.25058087338538804,1.2914458983820145,0.26043394881746296,1.1491119952483804,0.0,1.296316698514605,0.0,0.0,0.0,0.2,-0.07127205307725527,-0.06879148047954575,0.6969214666666667,0.12,0.08
2025-08-13,BCH,0.07826055997350245,618.19670159566,630.300310245183,601.428299225711,615.924086659645,433443155.250489,702982.175456503,0.24720316808553733,0.35502774495531497,0.23413188790958372,0.22776725691669242,0.35666460084645735,0.1153374525310118,0.7329526805009617,0.14605915830467486,0.7437439776515171,0.11056292032557491,0.7190145844810484,0.18222009590855115,0.6302072414585715,0.35457629740265206,0.6178204439375239,0.6666666666666666,0.4,-0.0036829741894166134,0.07826055997350245,0.7028781333333333,0.092,0.08
2025-08-20,BCH,-0.009615603080977864,615.924086659645,626.295655903906,603.686767786381,610.001605114312,169443141.534215,275039.888588791,-0.7811321161496423,-0.6114949147915318,-0.7213685328904056,-0.7328094364836488,-0.5982995728035334,0.13528607212272314,0.6800195258522002,0.16576211384908301,0.747135374291065,0.12415146877641026,0.7214500592641864,0.18870537501155704,0.6239795709745666,0.4068121850855497,0.6184579276250525,0.3333333333333333,0.2,-0.009662131498379647,-0.009615603080977864,0.6969214666666667,0.12,0.08
2025-08-13,BDX,-0.00948797505739829,0.0725300109093607,0.0732374193915919,0.0722888630094368,0.0724690819905124,2388351.37380226,32879655.3905002,0.09195476972842087,-0.0036858018212875265,-0.03791323766702703,-0.0716795674923052,-0.11242308459047123,-9.847685042196908e-06,0.23526734231281238,0.05138341318989004,0.22039701318516483,0.1878941371241889,0.290988418470881,0.2028711531741909,0.316319258472097,0.12162207708142048,0.3437673175335104,0.6666666666666666,0.0,-0.0008404041875827108,-0.00948797505739829,0.7028781333333333,0.092,0.08
2025-08-20,BDX,0.013666793430037627,0.0724690819905124,0.0737048748615773,0.072313884685302,0.0734595019641412,890568.578890777,12196072.0172335,-0.8811618569955808,-0.9759260497081979,-1.016892471038238,-1.0413098970616392,-1.0967823324779342,-0.007149775045215301,0.20457013085860096,-0.0036639407137273317,0.2216660322746985,0.19358199023285194,0.2020494664407898,0.2260396348321565,0.3153150838557945,0.13062944889507744,0.3439303554530701,0.6666666666666666,0.2,0.01357424508140567,0.013666793430037627,0.6969214666666667,0.12,0.08
2025-08-13,BEAM,0.2123088461996525,0.0082690481219631,0.0086526705929226,0.0082690018023032,0.0084955856442334,17836420.5263322,2104990954.70244,-0.28992897562612185,0.05863684621103715,-0.005110486087605892,-0.07692949938006066,-0.03941794449777092,-0.12883371839043245,0.9388654399981547,-0.04098579027673832,0.9168130235849915,0.07403058311459398,1.0181072920446046,0.37221165878171547,0.9584711353614692,-0.11906251958851388,0.901959951428443,0.6666666666666666,0.0,0.0270272903364037,0.2123088461996525,0.7028781333333333,0.092,0.08
2025-08-20,BEAM,-0.01852293372118663,0.0084955856442334,0.0087136930106934,0.0082622159398114,0.0083382224744226,7161882.01866005,845430396.396199,-1.262117404099909,-0.8749949121904113,-0.905611028201621,-0.9933687364244239,-0.9603719667671715,-0.048232343529171495,0.8841599280740858,0.009465636296638325,0.9202855036065125,0.10262058032804333,1.0173951486586332,0.43855013866780856,0.9379378505994228,-0.10886028468864184,0.9008828042468812,0.6666666666666666,0.0,-0.0186966315306497,-0.01852293372118663,0.6969214666666667,0.12,0.08
2025-08-13,BGB,0.11395655120905479,4.47234985455477,5.12742794229988,4.42796059812296,4.86812952829751,83975040.3374688,17553421.372072,2.0102667892309185,2.0645193897216423,1.9386983189969484,1.8190396921265375,1.9163808542813925,-0.06910975146812981,0.5682927771172067,-0.08242385663397522,0.4924092542980951,-0.008210342405477689,0.46201197217770323,-0.008769888645175805,0.46954191684622015,-0.029096057703140277,0.47711487434067934,0.6666666666666666,0.0,0.08479581785721216,0.11395655120905479,0.7028781333333333,0.092,0.08
2025-08-20,BGB,-0.02095118193023915,4.86812952829751,4.89774106900545,4.74576343678625,4.76613646089018,15104820.3652393,3135039.19179002,-0.3422350746443037,-0.046781498508259745,-0.01240967184762809,-0.06423124694210003,0.0659528042492532,-0.025332455052661573,0.5562828181804079,-0.05789861351756864,0.4963330705629316,-0.02095951006629415,0.46857210113534215,-0.046333569899410176,0.47420205921771563,0.010373746950042229,0.4762944064145542,0.6666666666666666,0.0,-0.02117377245505983,-0.02095118193023915,0.6969214666666667,0.12,0.08
2025-08-13,BNB,0.10197704988509271,832.235629629039,858.361119719897,828.241912811717,848.184616355107,1578291884.31966,1867262.35153541,0.5090042190696913,0.4937963267298251,0.34240233680473153,0.3098621685853118,0.4882979646527339,-0.009395260504711511,0.397014274589894,0.08597185079320413,0.452757193302722,0.15079914773038783,0.41827880091377834,0.19073374501665552,0.361220268819038,0.22333565302820246,0.3412069125463546,0.6666666666666666,0.0,0.018982710648944055,0.10197704988509271,0.7028781333333333,0.092,0.08
2025-08-20,BNB,0.02291201161004297,848.184616355107,868.889833677136,844.090347508125,867.618232132495,825248438.133536,962994.206657464,-0.2662721944420845,-0.17421229283863582,-0.27416593092697994,-0.35740535653565786,-0.18667826950920485,0.022994938408722465,0.39367175714389163,0.09384449332537037,0.4558780201204185,0.15020300848173296,0.42063480674361436,0.22766804173782496,0.36454786347161,0.18298344565492064,0.342792389718742,1.0,0.2,0.02265347311404309,0.02291201161004297,0.6969214666666667,0.12,0.08
2025-08-13,BONK,0.11849003673627401,2.55598041565902e-05,2.7906140762392e-05,2.55333818279744e-05,2.74211514801422e-05,742924436.252131,27719757374474.3,0.5160892799361854,0.5220256697477765,0.22210352557578616,0.03962099655347728,0.04463264946432943,-0.2901846965236431,1.084210027834814,-0.36338571473162107,1.060206591661977,0.04018931148600502,1.086078629432307,0.5836514313147949,1.3003289017064017,0.13691680625866431,1.2235210939144139,0.6666666666666666,0.2,0.0702937000477216,0.11849003673627401,0.7028781333333333,0.092,0.08
2025-08-20,BONK,-0.04624555049976409,2.74211514801422e-05,2.82037434957497e-05,2.59628952550172e-05,2.61530452346056e-05,258156582.997338,9501717673061.65,-0.6929124850399013,-0.538090797157146,-0.806178397082089,-0.9630990964741208,-1.029863712986952,-0.21274219328691135,1.0209919067172328,-0.2579173358589093,1.0621668306963037,-0.02158870575502947,1.0512443764389334,0.7611075667272038,1.3031951504739376,0.10626513600961496,1.2196832306447603,0.6666666666666666,0.2,-0.04734903112542899,-0.04624555049976409,0.6969214666666667,0.12,0.08
2025-08-13,BRETT,0.16898797524567222,0.0591880971895332,0.063661595526157,0.0583842114316866,0.0625674310146746,45421256.7274544,748486567.437509,0.5275074897014456,0.4475849632615372,0.44657632361710853,0.42769022891501507,0.4816041498671062,-0.06932287934683579,1.1629532951307682,-0.10601400996633437,1.1245084306617217,0.11534390750977086,1.123098632114834,0.38959733862127144,1.1274895306240544,-0.15425276786941045,1.2829112935484288,0.6666666666666666,0.2,0.055524410700011094,0.16898797524567222,0.7028781333333333,0.092,0.08
2025-08-20,BRETT,-0.020798242940503586,0.0625674310146746,0.0645321934919926,0.0605275618515688,0.0612661383842682,17311868.6592314,275857677.403691,-0.5817660678840397,-0.5319957262103472,-0.5318941351271143,-0.55008358671029,-0.49802961877919927,0.049342673419328964,1.1488527508533801,-0.04170376415000798,1.0919974420401437,0.01854086873907912,1.124967294676561,0.48525441092972144,1.1307914290961476,-0.14912913014060136,1.2813065229553866,0.6666666666666666,0.2,-0.02101757284302967,-0.020798242940503586,0.6969214666666667,0.12,0.08
2025-08-13,BSV,0.15655318706346089,29.4434568262116,29.8595116690284,28.8463200349701,29.7717578273746,43974563.6159893,1494535.12128771,0.006674948998050212,0.27057747663805287,0.2936326332180563,0.20323157323157304,0.2329339005176152,-0.0952818811324112,0.5529135172777506,-0.11549370337435783,0.5628372803596494,0.01123385850394576,0.5910347979454647,-0.11049256269072483,0.5731754527053268,-0.30827444225759937,0.6571424557519913,0.6666666666666666,0.0,0.011088513887340591,0.15655318706346089,0.7028781333333333,0.092,0.08
2025-08-20,BSV,-0.019831630733688765,29.7717578273746,30.5136583790411,29.0277956109655,29.1813353198493,26892465.915726,901784.412022115,-0.561581157245783,-0.26207817063807326,-0.21764822368286119,-0.23548152947115852,-0.24353246385535599,-0.05439166946735263,0.513263084891353,-0.08196950683558313,0.5652121980594232,0.004841473592508638,0.594750132157307,-0.056973243173851995,0.5719292841744505,-0.30800285568309516,0.6575231687896167,0.6666666666666666,0.0,-0.020030916700585526,-0.019831630733688765,0.6969214666666667,0.12,0.08
2025-08-13,BTC,0.0720013931255481,120103.60041267,123644.249808517,118939.955440104,123313.782043878,31005630809.0377,255970.967780849,0.45271747689243824,0.4575578652912391,0.42573732429200817,0.40812621335745547,0.42023597031238324,-0.0315764468344748,0.2903263807508893,-0.030685529467510575,0.25044899352043565,0.034002405330249674,0.23748684391193084,0.07097975238261367,0.25409035984027545,0.11394577262168082,0.2935050141139507,0.6666666666666666,0.2,0.026377473341889206,0.0720013931255481,0.7028781333333333,0.092,0.08
2025-08-20,BTC,-0.01425807524851841,123313.782043878,124429.034937135,121348.421260579,121555.564860317,13084456843.7393,106619.72696256,-0.5187355473954831,-0.4407507656463956,-0.46037119996045206,-0.4655078148322893,-0.4537394048880721,-0.0073152230776457605,0.2840088065467564,-0.014453855697023066,0.2585564618349629,0.013197947129122145,0.24379766664185343,0.09784843680078814,0.2588545351669126,0.14087532841365835,0.2951927598304104,0.6666666666666666,0.2,-0.014360698242249587,-0.01425807524851841,0.6969214666666667,0.12,0.08
2025-08-13,BTT,0.09518410021287194,6.90747352992193e-07,7.19263026319713e-07,6.84828653415441e-07,7.15886436419108e-07,41911693.0873612,59713782449027.8,0.7125413758611785,0.691122691542077,0.6640500809313146,0.6737046175406931,0.7527393668315518,-0.055283328603542126,0.4276945691653393,-0.059899775836618874,0.38285679559092267,0.035057685004359795,0.39708372909600487,0.09352451114243276,0.3769246377894287,-0.13285545967252066,0.4165619919079422,0.6666666666666666,0.4,0.035747414309522385,0.09518410021287194,0.7028781333333333,0.092,0.08
2025-08-20,BTT,-0.014897182776205664,7.15886436419108e-07,7.20571618300404e-07,7.04507872505399e-07,7.05221745328766e-07,19571250.0017804,27471014731169.1,-0.22791643614415236,-0.08428709059523598,-0.1380673463317521,-0.13121142400921926,-0.05009564664203836,-0.020805437984542263,0.38773795060416827,-0.05005659841491128,0.3812274868422257,0.016205531430292464,0.4001775791062099,0.138398603410673,0.3808798871136402,-0.14213621036442925,0.41581654301479953,0.6666666666666666,0.2,-0.015009260289252003,-0.014897182776205664,0.6969214666666667,0.12,0.08
2025-08-13,CAKE,0.08446910126990814,2.85504988562505,2.96409237738151,2.82901534654164,2.92122936207226,70278266.1938211,24229196.4446046,0.3099700577750184,0.28801827064620156,-0.20372080415934235,-0.2023414796892986,0.008421865273682272,-0.01006668508055486,0.6480566850938239,0.07654987174900607,0.7567639118047484,0.13334738651787226,0.6739279534941095,0.23595595356391397,0.624558363179874,0.23419737172943367,0.7373887100765142,0.6666666666666666,0.0,0.022915226057906374,0.08446910126990814,0.7028781333333333,0.092,0.08
2025-08-20,CAKE,-0.002042921210163584,2.92122936207226,2.9728943323533,2.8553148635572,2.91526152064873,37954552.6243415,13006091.2634698,-0.35561143990057076,-0.3365515615630521,-0.7381667230742934,-0.8236315843998696,-0.6201757405861272,0.04995128908289348,0.6248039283531573,0.06986379188830316,0.7462487179988171,0.12005159848416214,0.662561341258517,0.3036999568219616,0.622923901097384,0.17510224907825367,0.7369401711782165,0.6666666666666666,0.0,-0.0020450108201230882,-0.002042921210163584,0.6969214666666667,0.12,0.08
2025-08-13,CFX,-0.09388648094862118,0.197826761325246,0.202939413082953,0.193432267709213,0.199483737294203,74559225.1444998,375564178.947624,-0.554707819708895,-0.8341902183244763,-0.9870656920964116,-1.130882034177933,-0.7869116506749378,0.2926701987532552,1.1917070145850686,0.3768497693429622,1.1578017316243234,0.7471471427264276,1.2150462127756765,0.9443689346840702,1.1388371774140387,0.5891202931751134,1.0089784125209258,0.6666666666666666,0.0,0.00834101077802583,-0.09388648094862118,0.7028781333333333,0.092,0.08
2025-08-20,CFX,-0.02164999462712336,0.199483737294203,0.21472748782475,0.193506702070926,0.195164915453585,82990745.2047047,408938144.936212,-0.40090890830959935,-0.6254011772212813,-0.8438224240241752,-1.0291597412473905,-0.6874977120973149,0.29666702463062955,1.1557359937356835,0.37905764649030527,1.1633347239162921,0.5376775285255759,1.2190290429713546,0.9820980990607864,1.142255183857267,0.5658852762237101,1.0085931871195597,0.6666666666666666,0.0,-0.021887794266255797,-0.02164999462712336,0.6969214666666667,0.12,0.08
2025-08-13,CHZ,0.12377809148237695,0.0431524043330689,0.044697048738536,0.0427458199021042,0.0443705480094451,39075030.0238403,893796878.931112,0.32466837057841147,0.3278131284586756,0.2396078415952445,0.2278467691306112,0.3236272588433522,-0.06273088845334962,0.6823559805276994,-0.06143457318489032,0.6687192218182414,0.046015057123356407,0.697635313433204,0.10159667500954894,0.6371602553835299,-0.10562792454848613,0.6692881866885215,0.6666666666666666,0.2,0.027837779888481868,0.12377809148237695,0.7028781333333333,0.092,0.08
2025-08-20,CHZ,-0.025666148847277692,0.0443705480094451,0.0447231458393291,0.0428486172628802,0.0432317269197994,13375622.8540666,304770333.160061,-0.8404350504072831,-0.7639967737928544,-0.8402476922538931,-0.8589053556643975,-0.765662435967247,-0.015747061495766324,0.6368850250790137,-0.03846415361751754,0.6755833087468069,0.024581602304108996,0.7040827456798903,0.19721377942726837,0.6435400312501303,-0.1170086272351204,0.6710702012898859,0.6666666666666666,0.2,-0.026001271078941235,-0.025666148847277692,0.6969214666666667,0.12,0.08
2025-08-13,COMP,0.16512209683956502,53.1111706775804,55.1303983672092,52.2793852029377,53.8586094354483,30589993.4804414,570068.809868495,-0.3109679549174089,-0.1020420728439646,-0.1363234543186529,-0.3487541139841639,-0.40310518113489024,-0.07884886356393517,0.854251418466276,-0.07880212124408792,0.7986790084561944,0.008393545145417125,0.7367244076482716,0.012349217851574501,0.7327698111088067,0.028936378948746455,0.8420454459879085,0.6666666666666666,0.6,0.013974992219852898,0.16512209683956502,0.7028781333333333,0.092,0.08
2025-08-20,COMP,-0.0371182317529799,53.8586094354483,54.5512790614837,51.5678983350726,51.8594730885301,13859112.0571098,261074.516863074,-1.1682011696086292,-0.8937711695610417,-0.9081228953522853,-1.1132230954231268,-1.187626291555933,0.010975113801438008,0.8456556757463716,-0.03341432772056718,0.7891206643555229,0.005521128943400511,0.7509220107562314,0.06445207072603587,0.7407539313175372,0.03964867654401716,0.8433301659651582,0.6666666666666666,0.4,-0.037824649127407795,-0.0371182317529799,0.6969214666666667,0.12,0.08
2025-08-13,CORE,0.06674061102197393,0.502008999218812,0.521577961229763,0.496728310003107,0.520102111413301,7482697.88389817,14672839.2937231,0.10309486311039784,0.1261742881897021,0.06278111016157872,-0.1823798222742532,-0.1446197905050397,-0.1483731115417397,0.9029370466044498,-0.11770203235235066,0.763331752499921,-0.04576054541421626,0.8156870541143316,-0.0948622196637684,0.705034829042085,-0.36079239127045426,0.7264919383076118,0.6666666666666666,0.4,0.035407114138534236,0.06674061102197393,0.7028781333333333,0.092,0.08
2025-08-20,CORE,-0.031826069368088516,0.520102111413301,0.524750478213904,0.502659510317639,0.503549305536972,4903351.7092368,9494630.02405118,-0.3765716818469862,-0.3011384601902698,-0.32502071288028667,-0.6003643628698594,-0.5638721197095578,-0.06344254902278157,0.8839538895884345,-0.07171140024017653,0.7682636371642959,-0.02286131874843611,0.817993821332037,0.0035634080486768305,0.7114541997028088,-0.3736224482102021,0.7249977173632256,0.6666666666666666,0.6,-0.03234352744128335,-0.031826069368088516,0.6969214666666667,0.12,0.08
2025-08-13,CRO,0.1668233901244276,0.164015550635914,0.169139547924772,0.160422766262395,0.1679300541132,39728366.3204555,239099240.222161,-0.05907972224298774,0.06598814216367188,-0.046300880068354644,-0.019168152618107115,-0.022300166507260855,0.18482228264649758,0.7862104529421627,0.33064324420355584,0.7716453733530814,0.4910201248934185,0.735717057478442,0.6873624172047395,0.7696551849216575,0.41298886861784423,0.6713283761963075,0.6666666666666666,0.2,0.023586303863839503,0.1668233901244276,0.7028781333333333,0.092,0.08
2025-08-20,CRO,-0.020183650195969238,0.1679300541132,0.168511045082304,0.163492077513273,0.164540612643589,13718524.9304665,82582631.5991288,-1.1547323578062318,-0.9820567741874378,-1.110363669998737,-1.095803660197852,-1.1038074540358949,0.1835222315082783,0.7316067469793909,0.27352714161294345,0.7774994133830874,0.536346073822386,0.7019175666009747,0.791514262527246,0.7767199155257819,0.4248162417418935,0.6722664991079274,0.3333333333333333,0.2,-0.020390123037900755,-0.020183650195969238,0.6969214666666667,0.12,0.08
2025-08-13,CRV,0.13146160284489183,0.978760463674021,1.06044544105346,0.963919732337143,1.0390381577332,257569193.165313,250974710.982759,0.2946260150287081,0.27322440028161665,0.03916236058561395,-0.07329398441586932,0.1540492275352605,-0.022652726417718205,0.939991232239205,-0.003923606824045578,0.9454182039560012,0.5717616031135231,0.9154338254722775,0.6720254456029526,0.9773172596761076,0.14995421379139207,0.9354042423743054,0.6666666666666666,0.0,0.05976377776331666,0.13146160284489183,0.7028781333333333,0.092,0.08
2025-08-20,CRV,-0.045606043890742964,1.0390381577332,1.04928969990552,0.984946750625563,0.991651737907463,88908036.3399429,87265096.9331744,-0.8582424255690277,-0.7645091480164687,-1.0055709017593806,-1.1188130852690605,-0.9295702988844035,-0.001369526638087204,0.8360463895390763,-0.055999658853913226,0.9688149805159747,0.5070652511910261,0.8797796907596185,0.7910259909207267,0.9940288794666171,0.18141851209844728,0.9409059286724051,0.6666666666666666,0.2,-0.0466787408785229,-0.045606043890742964,0.6969214666666667,0.12,0.08
2025-08-13,CTC,0.11138878568020605,0.740236722154913,0.759394809338691,0.727953590560129,0.749430338813109,19844958.3264424,26621266.076386,0.20070427292240112,0.46486754847553513,0.42817217951843034,0.44598866921772284,0.5945815044431413,-0.1239579776334363,0.7898980411354593,-0.0958986315480147,0.7053364790619248,0.09262602853856161,0.6317547438684299,0.11974177594099111,0.6081820597877787,-0.07720807994349066,0.65572066881633,1.0,0.2,0.012343339831530575,0.11138878568020605,0.7028781333333333,0.092,0.08
2025-08-20,CTC,-0.02531306081181184,0.749430338813109,0.761719587555471,0.727648300320772,0.730459963072516,8281646.3834328,11163936.7270089,-0.7897260401254247,-0.47878901254094863,-0.37046060218308163,-0.4305502312531413,-0.30558877629675685,-0.06951980974518002,0.7578561893997929,-0.045634927045279605,0.7109740022544777,0.08436707676556998,0.6381237342197588,0.2157887426211651,0.6148934036105148,-0.05051158205772044,0.6573504600689971,0.6666666666666666,0.0,-0.02563894755619746,-0.02531306081181184,0.6969214666666667,0.12,0.08
2025-08-13,CVX,0.056462392774437875,4.50979115267231,4.89368501427834,4.48484279429425,4.59785110737573,31549151.6356,6754763.24453883,0.35840917382148163,0.0899801776412339,-0.22428129407021302,-0.32320440369935355,-0.05224478391919973,-0.027389093835390232,1.2177105515199302,-0.04853557541651965,1.316230629406602,0.7497785787623479,1.304331221359253,0.8807563059945045,1.3553399147724174,0.369601752000136,1.155169541354834,0.6666666666666666,0.0,0.019338198944838913,0.056462392774437875,0.7028781333333333,0.092,0.08
2025-08-20,CVX,-0.04743343465258454,4.59785110737573,4.65361489539844,4.29908202352437,4.37975923733171,11381832.7061194,2531065.61131377,-0.735730224671908,-0.8644415778364625,-1.198240764287977,-1.3087962681268799,-1.0901210370536631,0.01279070051701292,1.0892936506919915,0.08726458013755733,1.3313479505892507,0.6354274540862896,1.2823752662766248,1.055193125790797,1.3685781842205127,0.482862564282581,1.1601592533962013,0.6666666666666666,0.0,-0.04859528954393909,-0.04743343465258454,0.6969214666666667,0.12,0.08
2025-08-13,DASH,0.13260343686107,23.419463223372,24.0162136629711,23.1179849215726,23.9066530390989,18989505.8370605,802964.409895275,0.11036689099032415,0.1652357679510743,0.1319139504407083,0.03113522522476231,0.11393082596931947,-0.09326283350995623,0.5484938851445801,-0.06912482338966275,0.5718227175293648,0.01717652216095411,0.6361425409530453,0.06979812111863093,0.5564267665713467,-0.08986154324631113,0.5673243243140756,0.6666666666666666,0.2,0.020589351712380903,0.13260343686107,0.7028781333333333,0.092,0.08
2025-08-20,DASH,-0.01689683473831116,23.9066530390989,24.2291463526389,23.3375391449942,23.5027062735511,8064291.60354838,338460.377359412,-0.8070837452644781,-0.699458825386678,-0.7236182682784253,-0.8254395571844277,-0.7550533547759564,-0.035400500584501615,0.5074351670611011,-0.03052294724204463,0.5682653895723425,0.02033587970755657,0.6397492817803152,0.1395827027398402,0.5595112148694686,-0.08281406791610091,0.567912978528397,0.6666666666666666,0.0,-0.017041214940259064,-0.01689683473831116,0.6969214666666667,0.12,0.08
2025-08-13,DCR,0.07106344168496026,17.9132245599281,18.2169853287682,17.6956953560283,18.0941359916608,2199619.68910818,122439.573421644,0.008583502266723997,-0.08701839171332182,-0.08085681867514793,-0.08814362097865391,-0.09822306663966529,0.01813459748034907,0.48173728044950637,0.03875634998489241,0.5692884960100445,0.03163538471953009,0.5505733525875606,0.15864293801813312,0.4754147351751296,0.19515499798701752,0.5503820613519754,0.6666666666666666,0.0,0.010048665120864199,0.07106344168496026,0.7028781333333333,0.092,0.08
2025-08-20,DCR,-0.01873194981381865,18.0941359916608,18.1439857534501,17.5675229511497,17.7551975443406,845483.923799713,47198.7249088008,-0.986136537250669,-1.007250529364228,-1.0296807367647745,-1.0272318903246305,-1.0501166831898807,0.05710806704215088,0.4918662376171513,0.04622859448804917,0.5716792489557168,0.03025891687522453,0.5548477461683696,0.21314437983564583,0.4783257719829007,0.17512145209983676,0.5514119873701481,0.6666666666666666,0.0,-0.01890961496050898,-0.01873194981381865,0.6969214666666667,0.12,0.08
2025-08-13,DEEP,0.2172090022910127,0.171258727499092,0.180792071890268,0.168544454712986,0.179251220351019,22671646.3818289,129601644.412259,0.662185151600756,0.4624158053167875,0.24768038209463228,0.09705174428702534,0.09956528220871164,-0.1766633962572044,1.2924101720140766,-0.220457863775125,1.2225384068942382,-0.035809174646027175,1.1676392435143552,0.1179534911501452,1.1180498647958736,-0.28194180025929205,1.0817222874449115,0.6666666666666666,0.2,0.045612848209413276,0.2172090022910127,0.7028781333333333,0.092,0.08
2025-08-20,DEEP,-0.02645703150355172,0.179251220351019,0.187583975481452,0.173579387295675,0.174508765167142,9453718.34329106,52327295.8563608,-0.3710820977403664,-0.4386072275978776,-0.6266663799100876,-0.7714827995198306,-0.785727690156321,-0.11148539762908005,1.254421982408373,-0.21580032335708488,1.2270458750063897,-0.09563922634714361,1.1473283474149776,0.26607293629729134,1.1131938348988297,-0.20296253458060842,1.0820782031902638,0.6666666666666666,0.2,-0.02681331698631714,-0.02645703150355172,0.6969214666666667,0.12,0.08
2025-08-13,DEXE,-0.10538627452670202,7.45710229827046,7.6656526945929,7.36739917416873,7.50063345703643,5972568.47409128,794850.807854451,-0.16415805375140557,0.02972196683970374,0.181531974860766,0.026087722111006073,0.02812528374458445,0.1615304314102748,0.8134092245595105,0.05190504012034891,0.6737414035831827,0.0733556320807136,0.6900679364415538,0.0259333019858774,0.629667948087903,-0.26130230832012813,0.7929764063732404,0.3333333333333333,0.2,0.005820571024591182,-0.10538627452670202,0.7028781333333333,0.092,0.08
2025-08-20,DEXE,-0.025116684477606066,7.50063345703643,7.55033676870465,7.27652143571644,7.31224241311387,2169935.25971778,292308.06929935,-1.126344927674202,-1.016383219854852,-0.8470697353455776,-0.935831112128616,-0.9922658659906745,0.17276441985570945,0.8145582471799635,0.07347012662911534,0.6831114354177057,0.08355213761609748,0.695038981484356,-0.05221449110414511,0.6337646899086324,-0.2338058013285812,0.7937006598181529,0.3333333333333333,0.2,-0.02543749153336839,-0.025116684477606066,0.6969214666666667,0.12,0.08
2025-08-13,DOG,0.2360431777404779,0.0035073195955626,0.0036005921534601,0.0034177765159377,0.0035429169981959,6608033.34331601,1879690197.2111,0.12042511265244116,0.18635986298287577,0.18185816090659124,0.14505045997233168,0.04055843653221025,-0.18352784477269257,1.0605447937172086,-0.2962919237867988,0.9564502079128959,-0.3237916016358472,0.9699314471969669,-0.2251907547057136,0.9784422375512384,-0.04449699514459449,1.2460351364614688,0.6666666666666666,0.4,0.010098300862719805,0.2360431777404779,0.7028781333333333,0.092,0.08
2025-08-20,DOG,-0.016169300838227763,0.0035429169981959,0.003581267059602,0.0034506539046406,0.0034856305074072,2313196.32852929,657891827.555235,-1.0093838845670753,-0.8649996035744216,-0.8510109140524715,-0.9035776142627707,-1.0077408916620278,-0.14168065292280285,0.9760533986617485,-0.19540833622234532,0.937826383796144,-0.2969389815430372,0.9628551289597176,-0.2646770430767983,0.978667502019168,-0.04007747181112509,1.2355613826992795,0.6666666666666666,0.2,-0.016301450430204915,-0.016169300838227763,0.6969214666666667,0.12,0.08
2025-08-13,DOGE,0.19074792201272772,0.235575953587719,0.250074226332698,0.231193678147878,0.244581721980963,3156123296.64304,13024381383.1675,0.4774723732869788,0.5648448618806796,0.4609672570626948,0.2543178073214669,0.4404434549083618,-0.14605441080653547,0.9351447686098452,-0.02862243992257174,0.8376593932493209,0.14284483429092631,0.992963687768118,0.25139533776534106,0.900449746204786,-0.010363186894764898,0.8332604034679474,0.6666666666666666,0.2,0.03751611229946918,0.19074792201272772,0.7028781333333333,0.092,0.08
2025-08-20,DOGE,-0.01838436852745684,0.244581721980963,0.255150490693496,0.239846751895618,0.240085241468985,1694059319.41336,6855546402.51663,-0.2920003502787587,-0.10744144960451507,-0.14999492815305615,-0.38285467656093886,-0.20810165881659515,-0.04190134095828324,0.9002775233587067,0.024700911113256563,0.8262615691035445,0.14515113923983325,0.993660381381841,0.3924451504358961,0.9034639373573915,0.03272546726570513,0.8340766613868642,0.6666666666666666,0.2,-0.018555461229197677,-0.01838436852745684,0.6969214666666667,0.12,0.08
2025-08-13,DOT,0.1630908151773771,4.15416730934381,4.31317475364786,4.09539151509605,4.27429133654812,360053101.996493,85242962.5689597,0.4646125507131913,0.5477092716961813,0.4830912973906045,0.37429893435262684,0.49102375974281287,-0.10660276114774281,0.7208125220231099,-0.11562739195993754,0.7005116402359188,0.015386328557471796,0.7345767016383002,0.09539753178337129,0.6792723762051255,-0.17501530952583266,0.6782457437730659,0.6666666666666666,0.4,0.02850631809250708,0.1630908151773771,0.7028781333333333,0.092,0.08
2025-08-20,DOT,-0.01351038847202124,4.27429133654812,4.36189720508981,4.18121325732929,4.21654400014876,159263466.380204,37189448.6363384,-0.493228242996107,-0.3071046721266093,-0.32554115733514877,-0.45471357656764155,-0.34409234006244915,-0.03353559117871141,0.6963681856011922,-0.09201878932603724,0.6919746079514371,-0.003168283398574334,0.7310070470899659,0.17136198737714348,0.6811598626345982,-0.19439976540903248,0.6786758790404905,0.6666666666666666,0.2,-0.013602484210516413,-0.01351038847202124,0.6969214666666667,0.12,0.08
2025-08-13,DRIFT,0.19772890906294593,0.575127222583672,0.606571511759385,0.56771157864179,0.593567660586788,27258220.6359509,46050858.8717884,0.37428184817676424,0.5770912137666144,0.3762474147125374,-0.18178486987256193,-0.01316794205940397,-0.16038282341942944,0.8130178404889401,-0.09737874741720998,0.7715913104997874,0.06870986252815525,0.9788513776614044,0.0858174978839441,0.848530537879893,-0.3112115120090112,0.8961585504570074,0.6666666666666666,0.0,0.03155993723456289,0.19772890906294593,0.7028781333333333,0.092,0.08
2025-08-20,DRIFT,-0.038819138774191964,0.593567660586788,0.602046050139952,0.565454881261089,0.570525875198597,10992898.0634809,18736761.8836163,-0.6692401515707509,-0.36398932548263474,-0.5314040233350248,-1.107385942032245,-0.9316375152622811,-0.09756169936093217,0.8048251110758657,-0.09393118709998649,0.7878806797042084,0.07091699846109156,0.969486284534621,0.18560783244693324,0.8590664592306837,-0.3314747348998175,0.8991971859376312,0.6666666666666666,0.0,-0.03959268665200564,-0.038819138774191964,0.6969214666666667,0.12,0.08
2025-08-13,DYDX,0.247091718390668,0.672547523606158,0.758842958810114,0.663201708182076,0.738777777250043,62360749.4958493,86517260.6389637,0.6996934735044249,0.8979464269113748,0.9057855459476123,0.7698857675604494,0.9054358675473395,-0.05826404325422163,0.9543110021493542,-0.08560179433210025,0.8967960871178999,0.04270173105983188,0.8659775310332715,0.23822179451531578,0.7998939376833852,-0.037011626167146816,0.8909175070182972,0.6666666666666666,0.4,0.09392439230035247,0.247091718390668,0.7028781333333333,0.092,0.08
2025-08-20,DYDX,-0.02778833503328937,0.738777777250043,0.751277282848135,0.710464807056655,0.71824837286067,21444453.1324767,28981533.6500258,-0.5007380095836034,-0.2745140767585177,-0.2060349645482198,-0.33449269251182656,-0.2007665830150671,-0.008321081224381466,0.9164528353106698,-0.07928357219122184,0.9027926251272146,0.0001642735920983629,0.8699660125696163,0.2955924451722205,0.8060171884572228,-0.07602290870858253,0.8927203448849494,0.6666666666666666,0.2,-0.028181735917037862,-0.02778833503328937,0.6969214666666667,0.12,0.08
2025-08-13,EGLD,0.1477425743516143,16.0482685062837,16.7844651102577,15.9899935716354,16.6903320430978,39539830.1321766,2399021.06777274,0.954700161618355,1.1525912571881278,1.0073039024193662,0.8865013252247778,1.0163227366208964,-0.130176231195418,0.7740056104224899,-0.11273054976990826,0.754943293919543,0.02215752461131526,0.7394036388564497,0.09551998621575009,0.6820222743778152,-0.1186325460660097,0.771263434202775,0.6666666666666666,0.6,0.03922866968109086,0.1477425743516143,0.7028781333333333,0.092,0.08
2025-08-20,EGLD,-0.02303166941077539,16.6903320430978,16.9099387517426,16.1101940399598,16.3059258331251,9148553.50174142,553247.095325591,-0.7520383007158173,-0.45185338969801947,-0.4962881371588779,-0.602910783399075,-0.4930841708813105,-0.047610417549583284,0.7053348377646768,-0.08402462025976676,0.740517764874516,0.009445324043625636,0.7415179248518493,0.17196577697673843,0.6859950019397235,-0.1682176825971976,0.768048804270398,0.6666666666666666,0.4,-0.02330104241946459,-0.02303166941077539,0.6969214666666667,0.12,0.08
2025-08-13,EIGEN,0.45390302414959716,1.39965819530541,1.67118713327132,1.36166827096441,1.66645139750873,155833070.938655,102440093.493172,0.920177225821508,1.0311128947601027,0.9870895615005786,0.8368836257173449,0.9185727776459913,-0.138263655138548,1.3217829951983315,-0.2102658032581758,1.1949918714015586,-0.07588840217443016,1.1475493532435317,0.03200384173729076,1.0692994323950182,0.06624651288157368,1.2016237442978392,0.6666666666666666,0.6,0.14779632042171814,0.45390302414959716,0.7028781333333333,0.092,0.08
2025-08-20,EIGEN,-0.04473671866721185,1.66645139750873,1.66971482109317,1.57358499490003,1.5918998301658,50989178.0981117,31595665.898041,-0.44006239168181693,-0.19286889479389657,-0.19384725615809728,-0.3134890990580992,-0.23308368070149044,-0.03623218817700846,1.255169738588762,-0.17580854057778628,1.2095084228939876,-0.08986954429296412,1.150345536468136,0.17536761307207205,1.0788417709260483,0.06280582195734352,1.1974538520061897,0.6666666666666666,0.6,-0.045768289236692336,-0.04473671866721185,0.6969214666666667,0.12,0.08
2025-08-13,ENA,0.2868175895020171,0.807682509138772,0.829178218615196,0.759504520354107,0.774669747644188,973926900.327811,1232442521.07216,-0.030201740568330138,-0.014404162162893641,0.0023417348183976117,0.10378607130635942,0.3968212538344389,0.18920594318532857,1.3044627399192505,0.47253012929588634,1.369986670937248,0.9039713951610719,1.364668203505065,1.1209284657704357,1.241480790753788,0.763406768090126,1.2019539508173318,0.3333333333333333,0.2,-0.041732240606759285,0.2868175895020171,0.7028781333333333,0.092,0.08
2025-08-20,ENA,-0.06072909123758008,0.774669747644188,0.788021730099811,0.713961754390399,0.727624757860511,480083072.676372,641768587.665409,-0.7996173577539203,-0.7214642128896998,-0.7274445401489658,-0.6295394143346869,-0.34008719267796295,0.22580202311094544,1.3031091530291439,0.52746700250932,1.4124562203120394,0.8228540484033351,1.3991717965835946,1.3144814601479258,1.2650888565306755,0.7262466329247537,1.2093920004625662,0.3333333333333333,0.0,-0.06265133365002089,-0.06072909123758008,0.6969214666666667,0.12,0.08
2025-08-13,ENS,0.1263094509825693,29.4368857226127,29.8587712258425,28.9443380301448,29.5855419471439,150434853.668146,5112448.76811872,0.053365061203987096,0.31195455938108907,0.0984132170476606,-0.03579184603460206,0.2243953849176883,-0.04861946489039848,0.8437183571024748,-0.00595807211556354,0.8061935707792014,0.30287257731692296,0.7476349911198905,0.4140182769327352,0.7571993180244773,0.19821939901308205,0.7642396642042232,0.6666666666666666,0.4,0.005037289882415551,0.1263094509825693,0.7028781333333333,0.092,0.08
2025-08-20,ENS,-0.030988427104290617,29.5855419471439,29.6787849833285,28.3902117356946,28.6687325371739,70173869.7074827,2411642.34243636,-0.810654908248388,-0.4925131571819428,-0.6253922238700831,-0.7444443052318803,-0.559991792179499,-0.0044725505221449025,0.8153122847327258,0.009299057614959638,0.8183988755230639,0.27515360647597054,0.7457871486065035,0.5124555898645176,0.7670908990761367,0.2296171851136657,0.7665681425852853,0.6666666666666666,0.4,-0.031478724029862445,-0.030988427104290617,0.6969214666666667,0.12,0.08
2025-08-13,EOS,0.12397231687955856,0.549715735114772,0.595360393988254,0.499676525862517,0.569596729416034,701684.274557709,1237907.52683919,-0.3466513485742002,-0.09096504183758292,-0.2330034621056658,-0.28440655358741296,-0.3379608882307359,-0.1644753819176944,0.5600837310419561,-0.09381575817587351,0.5909748420312849,-0.031956519822923246,0.5649594656624979,-0.004429663359138414,0.5204687573406898,-0.33748530090653517,0.7470581241026143,0.6666666666666666,0.0,0.03552731881516932,0.12397231687955856,0.7028781333333333,0.092,0.08
2025-08-20,EOS,-0.030800796384151674,0.569596729416034,0.576975342404623,0.549346451074846,0.552052696532212,273545.330211673,485589.32787933,-1.307964828152695,-1.0310674398233068,-1.0944444688107176,-1.2065314334660737,-1.2631222510416222,-0.0781390080481501,0.5316223909233011,-0.06957129402032614,0.5632308902879141,-0.02535614399264996,0.572193565388884,0.07125482449228104,0.5303414865546939,-0.3061541734265756,0.733806667373046,0.6666666666666666,0.0,-0.03128511173237768,-0.030800796384151674,0.6969214666666667,0.12,0.08
2025-08-13,ETC,0.19135029996268793,23.6103174146864,24.3321135967383,23.2824390317145,24.1954621999476,208540490.736063,8731512.05448933,0.19271916830591707,0.3538883419529917,0.340084191341397,0.057692935885981456,0.3080619827122568,-0.09756564953868474,0.7863596505543,0.02686097829832912,0.7109947550818617,0.15045686988657136,0.8497363107431604,0.2489723664454946,0.7325593478462102,0.09297845748163591,0.6498200836122203,0.6666666666666666,0.4,0.02448130809587835,0.19135029996268793,0.7028781333333333,0.092,0.08
2025-08-20,ETC,-0.03121470056110509,24.1954621999476,24.3512062777138,23.2418520270632,23.4402080924387,86200082.349426,3617961.78166097,-0.799018663262494,-0.5707975590309502,-0.5363562178113312,-0.8290109825855119,-0.5981541624564812,-0.0321977652406773,0.7738991082298528,0.06644186921641082,0.7232786170437399,0.16566659258671246,0.8597404636238863,0.32924877874100256,0.7420644632778105,0.11984992949690776,0.6528746633567575,0.6666666666666666,0.2,-0.03171226084796069,-0.03121470056110509,0.6969214666666667,0.12,0.08
2025-08-13,ETH,0.2887688951615275,4589.2129200074,4780.76869578521,4565.42270485395,4748.11030310877,32506078081.8988,6948190.32319048,0.40949106368793764,0.5303745940217972,0.5476646831718313,0.4803574884652413,0.6181914016941725,0.015287251570764271,0.8125115315522664,0.09255551510596938,0.6837844952247867,0.3306153561691687,0.6304690766083052,0.5222163017233181,0.6081930265275884,0.6689207840312252,0.6115494228334581,0.6666666666666666,0.6,0.03403817572036342,0.2887688951615275,0.7028781333333333,0.092,0.08
2025-08-20,ETH,0.0002897347195092159,4748.11030310877,4784.10223533285,4709.74015730716,4749.48599551564,10622178476.1672,2238401.56818854,-0.8308282673995322,-0.6440274909544925,-0.5975027655973442,-0.6517088756481009,-0.527198721273404,0.05481276289338988,0.7795774907542619,0.1246769318909633,0.684606610874499,0.32556133599787085,0.6280156400962152,0.6174656658428386,0.6093680879260901,0.6674377381429311,0.6112895616876718,1.0,0.4,0.00028969275451098703,0.0002897347195092159,0.6969214666666667,0.12,0.08
2025-08-13,ETHFI,0.33253003193701036,1.22633137486482,1.38425939656481,1.18390867260318,1.37582217371568,192487357.820194,151388116.878933,0.5609281779916024,0.7361370424130982,0.7078504703992152,0.5114997854050571,0.5496281115934138,-0.09728082705179841,1.263479229376511,-0.20011001569411013,1.1790732692367394,-0.03270643014071273,1.1357950490248943,0.13434612148384928,1.1295208944161033,0.1358736540367791,1.196587943144126,0.6666666666666666,0.2,0.11502440649974555,0.33253003193701036,0.7028781333333333,0.092,0.08
2025-08-20,ETHFI,-0.044659816626103965,1.37582217371568,1.38769582119468,1.27737367674191,1.31437820772741,76591724.3997688,57986056.0230343,-0.5190071436723258,-0.2565323328005249,-0.24050017186500838,-0.39263390776438456,-0.39051856130544493,-0.011630167506988753,1.1862240725360989,-0.15646257317125778,1.1915255379980152,-0.05597247587035892,1.148429906902019,0.20156790963840776,1.1391689748751483,0.15328034885931596,1.1880793668644134,0.6666666666666666,0.2,-0.045687788973220636,-0.044659816626103965,0.6969214666666667,0.12,0.08
2025-08-13,FARTCOIN,0.19948107252246738,1.05805592484382,1.14278584661716,1.02855798393272,1.12478612564111,407931648.486829,373823832.47011,0.7845452912662871,0.8752336283965434,0.8557327089487146,0.8116743701305111,0.9199092415248025,-0.3408332817814288,1.4842805758355286,-0.30245395677822495,1.416520381052347,-0.12025969411332882,1.3740300534653813,-0.018080453649677253,1.3362737171498575,-0.20663326753582634,1.377006694684329,0.6666666666666666,0.4,0.06115971598210573,0.19948107252246738,0.7028781333333333,0.092,0.08
2025-08-20,FARTCOIN,-0.021394295730305046,1.12478612564111,1.18006361816335,1.10049239270314,1.1007221186358,139087289.875541,122276807.452465,-0.4806810201662586,-0.29302495970370757,-0.2724189198953191,-0.3048167744087067,-0.19444499229431855,-0.17769651918079032,1.4072116819237703,-0.2040691218070706,1.3428550572278388,-0.1542779713510698,1.3736745884091106,0.15075408663722123,1.3263286422326268,-0.20042191988307734,1.3655997396512443,0.6666666666666666,0.4,-0.021626471133582396,-0.021394295730305046,0.6969214666666667,0.12,0.08
2025-08-13,FET,0.15644554441858816,0.723766575605709,0.764497232965109,0.715516354227312,0.751278501761348,116398010.365884,157443173.175817,0.5119615291949415,0.4629420870915908,0.26709465548771405,0.06107227683387251,0.035411019818116785,-0.13195224784024562,0.7078776879038141,-0.16395531170589728,0.6812063757549182,-0.07695124353432536,0.728699107865096,-0.01375140113267892,0.7480345449685969,-0.1604777831802221,0.8749027678471938,0.6666666666666666,0.0,0.03730749323009317,0.15644554441858816,0.7028781333333333,0.092,0.08
2025-08-20,FET,-0.01892328056726167,0.751278501761348,0.769144156740927,0.731821616449745,0.737061847888366,52637663.6105943,70030065.6877728,-0.4094263017961026,-0.33058429002920775,-0.49259780277115084,-0.7033226691616257,-0.7609993603321215,-0.0483588489918616,0.7016345108951214,-0.10422978046772668,0.6699840424707845,-0.0773450886515884,0.7306845479662252,0.035844321748678576,0.7490814082820471,-0.1628876268920212,0.8746578875141866,0.6666666666666666,0.0,-0.019104617140565716,-0.01892328056726167,0.6969214666666667,0.12,0.08
2025-08-13,FIL,0.149237669602309,2.62973224786035,2.75854180407504,2.60067323384098,2.73332125247755,218141416.399934,81343191.7087252,0.3583429923588781,0.43086125172487755,0.3563684028995553,0.2035891801192946,0.27841026605178243,-0.09939881600308209,0.7422951232998964,-0.10318587127749701,0.7009014537734455,-0.02466095163712345,0.7351567223179439,0.054880221999068945,0.673738202678102,-0.18829121745617672,0.7144916751461202,0.6666666666666666,0.2,0.03863541165724964,0.149237669602309,0.7028781333333333,0.092,0.08
2025-08-20,FIL,-0.02414908563298579,2.73332125247755,2.75654549409917,2.635584919871,2.66731404348901,83133730.0862885,30798738.6939125,-0.7270188070294381,-0.5581997921005737,-0.5909852301377576,-0.7634240236892644,-0.6943235165430437,-0.03634512395534306,0.7170110160068608,-0.08079997070823952,0.7023506531522522,-0.038162707216337965,0.7368935376959189,0.13229958611679393,0.6782711669383933,-0.17662427622447174,0.7150982992402751,0.6666666666666666,0.2,-0.02444545590991076,-0.02414908563298579,0.6969214666666667,0.12,0.08
2025-08-13,FLOKI,0.11213120326120007,0.0001146147058008,0.0001203512226871,0.0001145526886597,0.0001190122572811,151673885.509581,1289059966932.34,0.4688704351528763,0.45857158268249876,0.2867113074684582,-0.12582218050732763,0.013437990105007458,-0.19133237363282485,0.9789301628844426,-0.16624316752253754,0.9449619671669262,0.0554458161557243,0.9792256632201439,0.3570716141767294,1.1321428888909115,0.10867323915405125,1.0939482363434567,0.6666666666666666,0.2,0.037650371252261,0.11213120326120007,0.7028781333333333,0.092,0.08
2025-08-20,FLOKI,-0.021498747262281515,0.0001190122572811,0.0001228912582954,0.0001154978920973,0.0001164536428407,48191734.5774236,403995676216.849,-0.8146970022366986,-0.7115715389249395,-0.7972761927574759,-1.214372764219739,-1.148179954213603,-0.05513418952988869,0.9787571797959744,-0.08371743693177336,0.9122358740587184,0.036514748664933316,0.9816372589087408,0.5298244995244321,1.1349600867048084,0.11363245286685286,1.0933300516250122,0.6666666666666666,0.2,-0.021733211883444487,-0.021498747262281515,0.6969214666666667,0.12,0.08
2025-08-13,FLOW,0.15772341879833007,0.391713734341643,0.417941093643833,0.388546722466683,0.415657935077292,24650190.5684002,60804161.4029084,0.641730318886971,0.6185380657956259,0.4865697346169142,0.3485197358578205,0.4105522447688976,-0.128077957876503,0.7059173564342485,-0.11213162048652459,0.6701285629218309,0.024801612738321488,0.6707759761989471,0.10225041972970428,0.6216970220519844,-0.12544437364990202,0.6548003030810584,0.6666666666666666,0.4,0.05933134708469047,0.15772341879833007,0.7028781333333333,0.092,0.08
2025-08-20,FLOW,-0.01799675959328184,0.415657935077292,0.421698723697439,0.405250489064581,0.408177439146666,10915336.3076614,26406390.9119458,-0.30980307140417196,-0.23988263570346646,-0.32446518183740736,-0.467095130481308,-0.4201431614967319,-0.08230248601696122,0.649857431746223,-0.09392887872518785,0.6709936485310136,0.0015321415707554298,0.6722387033508764,0.1685897932871423,0.6252022056005454,-0.14348435430909323,0.6545057688364604,0.6666666666666666,0.4,-0.01816067082994019,-0.01799675959328184,0.6969214666666667,0.12,0.08
2025-08-13,FLR,0.012618155038095935,0.0229715989607918,0.023774515425667,0.0227135611639821,0.0236154886527441,11868546.3976656,512019588.337399,-0.024079201785319526,-0.10292145133378128,-0.45610704872108343,-0.5463031195548353,-0.30538989405124184,0.01915702641299144,0.5995854740732125,0.2806957842589568,0.7091283923696543,0.43054305095233825,0.9818207484695117,0.3269618372506873,0.8252998666638153,0.15920565366710093,0.6870230354144088,0.6666666666666666,0.2,0.027644170497300967,0.012618155038095935,0.7028781333333333,0.092,0.08
2025-08-20,FLR,0.01266786066147918,0.0236154886527441,0.0243578347132847,0.023302869376911,0.0239146463724498,9382877.84706935,394944727.162172,-0.2803762189147747,-0.32206020807685576,-0.4813202980589786,-0.7823567816655874,-0.5506385421686346,0.041086487561216245,0.5150151083189861,0.1352137706577894,0.7104300454341524,0.409655153530913,0.8342244217117807,0.40292272024442366,0.8205500184794294,0.18810517413052263,0.6861081189137455,1.0,0.2,0.012588294564828188,0.01266786066147918,0.6969214666666667,0.12,0.08
2025-08-13,FLUID,0.31844249410287695,7.52067111767766,7.86943872514952,7.42902501509634,7.80013065007299,3670680.20019101,477519.557500533,0.4520777070725668,0.41458020933534456,0.5332510946055056,0.4872198412479367,0.6526935318600788,0.04161460660478444,1.2058488429882173,0.03662545809686013,1.091023659386105,0.38216265247964487,0.9820640455573943,0.6476990283753623,0.9216672351807129,0.25509100617310465,0.9258029509146956,0.6666666666666666,0.4,0.036485105212888364,0.31844249410287695,0.7028781333333333,0.092,0.08
2025-08-20,FLUID,0.0076002810121014175,7.80013065007299,7.91567612667126,7.70895555949027,7.85941383494465,714183.065653187,91230.1534922164,-1.2485873696904282,-1.258288672147824,-1.153194393882016,-1.1701935180121712,-1.0179513689177941,0.16785870965084104,1.195127395909658,0.11942817881833401,1.0908943470522277,0.4549423636524701,0.9742954111967175,0.8651502622320721,0.9198733572502452,0.48393797011521755,0.919922762860893,1.0,0.2,0.007571544388797463,0.0076002810121014175,0.6969214666666667,0.12,0.08
2025-08-13,FTN,-0.0010007249463600543,4.58716445012545,4.5951580793172,4.56802339357123,4.5717460219512,3300817.98471017,720630.9469,0.1362086412443997,-0.04674523318171353,0.010720109116336474,-0.09687290859310771,0.0470273963239336,0.016682919566203713,0.03531105046045974,0.015183473065284447,0.06574260124374649,0.027735744665422057,0.05876885733866529,0.03361367495246537,0.05727112614047878,0.05063585554928807,0.055542994678694314,0.3333333333333333,0.0,-0.0033668726834514503,-0.0010007249463600543,0.7028781333333333,0.092,0.08
2025-08-20,FTN,0.0009653690115611901,4.5717460219512,4.58587980071559,4.57064165297982,4.57615944388952,1691209.11857147,369862.42,-0.5671861656860617,-0.7276728750759638,-0.6313796701844865,-0.7651495791697762,-0.6298035996915239,0.018496209841301292,0.03582525562837434,0.013524593717622047,0.06532964058367013,0.026408414704286898,0.05833657904157093,0.03600062198007281,0.05727315509322727,0.05307098559999224,0.055544418974648964,0.6666666666666666,0.0,0.0009649033425677954,0.0009653690115611901,0.6969214666666667,0.12,0.08
2025-08-13,FTT,0.09320317468617234,0.95497387263195,1.04990199024222,0.95022337467689,0.980035566533458,12094959.8167758,12187173.1443168,0.5939070625916152,0.4308430323246224,0.46704115655507117,-0.014166571603102085,0.09342409933840301,-0.08527597413583088,0.558546424809615,-0.024172827730763458,0.6448860486968506,0.07233372841558472,0.8495955895922002,0.13840568263394992,0.7234984474452064,-0.1878118392263145,0.7544792554591048,0.6666666666666666,0.0,0.02590488178124095,0.09320317468617234,0.7028781333333333,0.092,0.08
2025-08-20,FTT,-0.0023901151184129166,0.980035566533458,1.00015297169889,0.976271978227567,0.977693168709304,3764008.03911562,3812591.86629761,-0.732542746628841,-0.6639200200899484,-0.7090196759809473,-1.174941175767188,-1.0480375324126463,-0.044085985212521495,0.48364784985598547,0.003643402241879201,0.6339931981097519,0.028673851332843503,0.8482833194175832,0.1585343523980538,0.721093030607699,-0.22086856977743474,0.7505434393960086,0.6666666666666666,0.0,-0.00239297600302404,-0.0023901151184129166,0.6969214666666667,0.12,0.08
2025-08-13,GALA,0.22444681820198298,0.0179576200038245,0.0191325473759249,0.0178111548838657,0.0188955701436343,138343043.463265,7497988438.25806,0.4311104828121799,0.506120492791144,0.4646150978241117,0.3175856326362876,0.39245239784264996,-0.13471370345253475,0.8863153158988605,-0.14178832661466478,0.8449239763200284,0.0138090868717895,0.8630537277351874,0.15317329040109628,0.8276929668950613,-0.1155291447558987,0.8857136318202267,0.6666666666666666,0.4,0.050912973056569416,0.22444681820198298,0.7028781333333333,0.092,0.08
2025-08-20,GALA,-0.028212940563309474,0.0188955701436343,0.0191250585508922,0.0181637637350271,0.0183624705462621,55465569.7407079,2967651355.34087,-0.6166715341112727,-0.44225547774800233,-0.4462730453263326,-0.6008055877441372,-0.5369004915666302,-0.047053764397036124,0.8300678824096167,-0.1090222025384765,0.8408654645803704,-0.01996807466724493,0.8652787233885624,0.24491583913872184,0.8340191804600805,-0.1444539467838396,0.8866484112015547,0.6666666666666666,0.4,-0.028618573175665785,-0.028212940563309474,0.6969214666666667,0.12,0.08
2025-08-13,GAS,0.04640206225514909,3.35898455054944,3.43472550979285,3.31301249097408,3.42435733394104,11456023.6368999,3393516.21131927,-0.6446736850703658,-0.7592834176075769,-0.8532732591913685,-0.710157156280836,-0.5836598933513599,-0.07163415711129417,0.8455255074152718,-0.00031206553305451745,0.7798556440419446,0.1050920056760436,0.7094664924738739,0.1765534946205578,0.6044527172930202,-0.02636727328045696,0.59835207831462,0.6666666666666666,0.2,0.019275103182467578,0.04640206225514909,0.7028781333333333,0.092,0.08
2025-08-20,GAS,-0.02003570735410909,3.42435733394104,3.43016215161593,3.34389837194988,3.3557479125223,6034024.55674241,1781258.27930387,-0.9596629941744581,-1.4158672485493824,-1.1957041110920628,-1.3553296648455273,-1.19168836582298,-0.0043825180306429345,0.818214111269815,0.007364127401173315,0.7545554896763165,0.10568760591303783,0.7127260347508786,0.22396589113639953,0.6086260883273515,-0.0432179193139518,0.5997332047386138,0.6666666666666666,0.2,-0.020239144056950896,-0.02003570735410909,0.6969214666666667,0.12,0.08
2025-08-13,GNO,0.2072553933977872,140.852801177963,148.249869892006,140.448858421436,147.692815073315,5604685.97500016,39219.2879372408,0.19296899991375405,0.11725868390020366,0.179402421001587,0.10021863497276584,0.2754532361063866,-0.1507670644014134,0.800191740249159,-0.12217768685793595,0.7382841490675001,0.030420286930976426,0.679622108812985,0.1265625407718971,0.6201350158891377,-0.01455739204715667,0.6191456623512442,0.6666666666666666,0.6,0.04741916115453293,0.2072553933977872,0.7028781333333333,0.092,0.08
2025-08-20,GNO,0.011989313828482562,147.692815073315,161.007223473454,145.706449729485,149.463550583441,7139993.36221975,47688.9192699152,0.3955886413187564,0.3398947206177052,0.40808922069248155,0.36117212885917027,0.5067560645667797,-0.1080075289720639,0.755094434292629,-0.0921694840742151,0.739549399651774,0.025515929205315313,0.6790434614120454,0.19446381898629284,0.6202289586183226,-0.02687721898715334,0.6192105424342932,1.0,0.4,0.011918011351501149,0.011989313828482562,0.6969214666666667,0.12,0.08
2025-08-13,GOHM,0.010657296135267558,6103.45445301256,6174.95527959297,5961.82060257129,6103.30956798432,21799.3799577851,3.59845383480834,-0.23416804407278846,-0.2839663385779563,-0.34746959061022764,-0.5464342340051083,-0.7240249841273503,0.015139581769768595,0.22874557508524768,0.06262755880136028,0.19889804637837816,0.09125644888731843,0.242015971419883,0.1383171327354633,0.2482145167547224,0.0382797540090849,0.2623082461197541,0.3333333333333333,0.0,-2.3738482696698864e-05,0.010657296135267558,0.7028781333333333,0.092,0.08
2025-08-20,GOHM,-0.01462127377358835,6103.30956798432,6121.02917049644,5965.02298680717,6014.07140786586,9073.73731349881,1.51982456550988,-1.1759751592531202,-1.1075625911684934,-1.2044533951111074,-1.4014165094018978,-1.6041207413160485,0.030756780187193744,0.23999487584182685,0.05801851363300381,0.20970385176826872,0.09636858929212644,0.24147322713795547,0.1524224979166744,0.25256210756350295,0.06419308256458467,0.26421781960072954,0.3333333333333333,0.0,-0.014729218077907703,-0.01462127377358835,0.6969214666666667,0.12,0.08
2025-08-13,GRT,0.1041423001439743,0.10128963019559,0.104303275292035,0.0998337787197996,0.101437021058709,53913947.7289108,528469159.025981,0.4576874049814812,0.533998697956342,0.3956746678446841,0.2743245806736354,0.4102767858726146,-0.1046850618289098,0.8122660504046214,-0.11446031741714169,0.7469731256581756,0.017915725638624425,0.7764473617221711,0.13325820939748656,0.7368835983893032,-0.09839215454206673,0.8290736639415395,0.6666666666666666,0.4,0.0014540849777460862,0.1041423001439743,0.7028781333333333,0.092,0.08
2025-08-20,GRT,-0.021179779563319845,0.101437021058709,0.103513002940388,0.0986101228753416,0.0992886073131257,23670573.9830598,233690463.806704,-0.4920289892362426,-0.33851632321118075,-0.4176106882033004,-0.5586788055108514,-0.4342296529127374,-0.06840904967710515,0.7467109789661381,-0.10033860018917007,0.7520212353978567,-0.01373775947690381,0.774500363944389,0.20795765400661703,0.7405289158521623,-0.13294880448334045,0.827310411249649,0.6666666666666666,0.2,-0.021407289232355485,-0.021179779563319845,0.6969214666666667,0.12,0.08
2025-08-13,GT,0.08542372045405466,16.725641961927,21.813031623183,16.6371960149868,18.0504091950672,28622835.9162329,1560603.97141181,1.4920282897983697,1.6736635133433797,1.5413724936269446,1.4331975311841632,1.5205253897894249,-0.05433981975587421,0.5079727668902242,0.051694101531197134,0.4476962538073731,0.034579572099026956,0.4409683778747523,0.02862752157181947,0.3949910275326576,-0.24527780138830912,0.402438645278914,0.6666666666666666,0.0,0.07622536595727183,0.08542372045405466,0.7028781333333333,0.092,0.08
2025-08-20,GT,0.012785861764079476,18.0504091950672,18.4272264347281,17.5039633737022,18.2811992318204,6382106.36956114,358437.098827385,-0.4530257249314822,-0.09756909385122192,-0.09204182492620916,-0.16268761923919328,-0.06396073252173018,-0.04601059682018038,0.49516085307986,0.05107840566039901,0.4502216288229788,0.024566261249648225,0.44150244207470646,0.053267773006724584,0.39567286820877967,-0.24821092948882006,0.4034050907743797,1.0,0.0,0.012704812756705205,0.012785861764079476,0.6969214666666667,0.12,0.08
2025-08-13,HBAR,0.08638503279074938,0.260736800385247,0.267448834831484,0.255854877355688,0.265870666280621,429253055.591257,1631847807.57781,0.2038295416826159,0.04842360093375575,-0.17018341240911994,-0.2985809510424495,-0.23424635587755205,-0.0017808884633138122,0.8105736120421284,0.02966390737176705,0.9009894443487968,0.34931439295385935,1.067422327197885,0.5375042370834056,1.0360190383242702,0.1806543734742414,0.8730244460301951,0.6666666666666666,0.2,0.01949850267502733,0.08638503279074938,0.7028781333333333,0.092,0.08
2025-08-20,HBAR,-0.0007010611946234313,0.265870666280621,0.275967986881988,0.265241640423479,0.265684274673703,264675741.893474,980829418.888841,-0.3177747723463611,-0.4316875500127608,-0.6324041588430518,-0.7686836609251522,-0.7286875456417796,0.0868175128844546,0.8026041501717838,-0.057183121779005974,0.8922195101472751,0.29066650314579245,0.9216982729549215,0.7131051107640605,1.0359763129554966,0.20900596307654995,0.8725258716656757,0.6666666666666666,0.2,-0.0007013070529372659,-0.0007010611946234313,0.6969214666666667,0.12,0.08
2025-08-13,HNT,0.04475600585107298,2.95585282915163,3.08985303574571,2.83541205419345,2.88271004540675,13072478.4644672,4448683.1343994,0.6967345276812438,0.7597957320808302,0.7073645259041399,0.5057418725780778,0.5273020897296608,-0.19964746777966935,0.8754722858845907,-0.1446842335057651,0.7957953957229587,0.15665479121692516,0.9092709732166175,0.2568407811744047,0.9249082358569092,-0.3100610898668895,0.8890600779801545,0.3333333333333333,0.4,-0.02505637500072846,0.04475600585107298,0.7028781333333333,0.092,0.08
2025-08-20,HNT,-0.045034912539652194,2.88271004540675,2.90228876462441,2.70263504387041,2.75288745063468,8062998.64343216,2891231.1877467,0.01145065854727001,0.18836757762606737,0.19099332532081803,0.005066842211002509,0.017437791174103268,-0.14223019245125523,0.8615455323898435,-0.17170233300617732,0.8077445563812212,0.101393242182926,0.8721943545248728,0.3542237158200421,0.9364189519861206,-0.2863751811795241,0.8930296892798985,0.3333333333333333,0.2,-0.04608049680279702,-0.045034912539652194,0.6969214666666667,0.12,0.08
2025-08-13,HTX,0.09632085599330065,2.29602292720737e-06,2.42065010260594e-06,2.28517246985325e-06,2.42048928393958e-06,48169650.9909227,20369601926821.7,0.38696466759140336,0.21814364842371603,0.07896072226832018,0.11686117233173476,0.2720846053030783,0.1919151257728995,0.3927272627677656,0.161983420776471,0.5538791653624436,0.26343424084335676,0.5124990302337898,0.33214587964123776,0.4386241284362901,0.18059171290264198,0.4165283164238365,1.0,0.6,0.05279123905342536,0.09632085599330065,0.7028781333333333,0.092,0.08
2025-08-20,HTX,0.050099160063303616,2.42048928393958e-06,2.54198465661604e-06,2.41818506878442e-06,2.54175376400718e-06,34991849.2403794,14073361670297.8,-0.00781725452175408,-0.08191919383897783,-0.23545665493301016,-0.21957375332183204,-0.06471059697337367,0.2019266301261311,0.41133689266331136,0.18947179509955148,0.574055948176555,0.26780096761311967,0.531136730056706,0.3772547467761651,0.4548961698507347,0.1869667421608967,0.4264749383021906,1.0,0.6,0.04888459786595738,0.050099160063303616,0.6969214666666667,0.12,0.08
2025-08-13,HYPE,0.25015695399022575,44.7353221210928,47.9537803931553,43.075638073693,47.6219950702068,396036054.63232,8612236.41762439,0.7789358738983836,1.0912380617875108,1.212928866619098,1.2710033992916614,1.4445583013492715,-0.12849190491799567,0.8631712618888797,-0.18931958779725633,0.7665475246583686,-0.06433093630334374,0.752915132959976,0.02777563872761113,0.7142884252274178,0.6059535417831925,0.886643906891073,0.6666666666666666,0.0,0.06253134219357806,0.25015695399022575,0.7028781333333333,0.092,0.08
2025-08-20,HYPE,-0.01607324742268046,47.6219950702068,48.8629964540372,46.0852173896307,46.8565549606817,130804474.05846,2755050.51910079,-0.5593700274940012,-0.16673803648038898,-0.012598939777276996,0.0653422762359277,0.24965155933146832,-0.027846510666933333,0.8432052843304821,-0.1024922337621127,0.7500115108343595,-0.06635960377227967,0.7467825288571666,0.14259132732762003,0.7166089573813416,0.6326268898872343,0.8870949213745423,0.6666666666666666,0.0,-0.016203823138245022,-0.01607324742268046,0.6969214666666667,0.12,0.08
2025-08-13,ICP,0.1749292724543583,5.66421981144732,6.07609562789167,5.62077444974969,6.01340961578457,72047237.2725882,12329452.8255802,0.11267872451229977,0.23535743578182178,0.125734474955987,0.007725322509749333,0.12418821917454181,-0.0861962344163778,0.778997943734559,-0.08986625350404698,0.6894173255979335,-0.006494622603524958,0.7068953369765124,0.06028747382591915,0.6512068337808645,-0.019457737313104073,0.7273128360269666,0.6666666666666666,0.4,0.059822747281035704,0.1749292724543583,0.7028781333333333,0.092,0.08
2025-08-20,ICP,-0.02025546744001716,6.01340961578457,6.08220232586543,5.8708812892529,5.89160519310856,30441670.4465834,5095378.8262329,-0.8204211972832383,-0.6345904945131835,-0.7103212878892613,-0.849080992005188,-0.7467207866995338,-0.025389058258675323,0.7433722795902616,-0.06990683628818206,0.6901050061543035,-0.010477434098299931,0.7070224270383576,0.12987020130601468,0.6550426125285153,-0.017838431840866975,0.7264632438739914,0.6666666666666666,0.2,-0.020463422361975275,-0.02025546744001716,0.6969214666666667,0.12,0.08
2025-08-13,IMX,0.26168613978859256,0.589709939761866,0.646576886626705,0.584575245237211,0.64171123607047,39281875.7524152,64330665.7850847,0.36379720207849076,0.5214968250691641,0.37190761477631185,0.23853471603240806,0.36206041032175307,-0.1089318637079485,0.9841945038021317,-0.0648287668748877,0.9218867688590092,0.13923883681619187,0.9458019697970719,0.2251923303043366,0.8710939774099592,-0.1583813886354175,0.9307702651351767,0.6666666666666666,0.4,0.0845076259636746,0.26168613978859256,0.7028781333333333,0.092,0.08
2025-08-20,IMX,-0.04653502016872524,0.64171123607047,0.64883934952007,0.606341202315239,0.611849190757433,18050339.4505517,28732283.1341598,-0.5195790945977592,-0.31121795653150386,-0.40918237198801677,-0.5450335191765205,-0.42887322512798676,-0.010117929461037511,0.9601832280700862,-0.017540161106691987,0.9273601874233025,0.11249047314518146,0.9647210827726133,0.34893002326668743,0.8862885083581534,-0.16667014631328636,0.9344711746456169,0.6666666666666666,0.4,-0.04765258263788956,-0.04653502016872524,0.6969214666666667,0.12,0.08
2025-08-13,INJ,0.25136735937915655,14.7565826666916,16.4800722736958,14.5393092034526,16.2026455793758,179775126.093206,11572496.0557483,0.6473216412017173,0.5930854666743173,0.5283784866881867,0.46899882882140176,0.5008554167243275,-0.0623624241819416,1.0213722034308732,-0.04331261089858307,0.9571170837520078,0.1764069925958731,0.9474517023480943,0.1666333472994772,0.8915461011048385,0.17853749767303695,0.9848851477890794,0.6666666666666666,0.4,0.0934852705550342,0.25136735937915655,0.7028781333333333,0.092,0.08
2025-08-20,INJ,-0.023598860591606652,16.2026455793758,16.5461496383327,15.5037447426423,15.8202816051329,68799366.0102053,4307941.92473637,-0.46356992402970576,-0.421125256710674,-0.45586907104270225,-0.5075400550091196,-0.47701098746047776,0.03745442344182415,1.006970992284285,0.0018272809217307895,0.9597596374115901,0.16082249693076145,0.9468686810077616,0.32132061082842145,0.89627530255012,0.21239704664550874,0.9848417001594434,0.6666666666666666,0.4,-0.023881773515637934,-0.023598860591606652,0.6969214666666667,0.12,0.08
2025-08-13,IOTX,0.04606765688705061,0.0302343980141917,0.0313510974833414,0.0298923349106595,0.0310282432328538,9165732.07832826,298575451.858194,0.017474181621462748,-0.653219091839901,-0.4180456786008726,-0.2864425003484996,-0.034609559039264326,0.17423512770268523,0.7020041765545244,0.2722495052079459,0.9290780609937925,0.3818787548611129,0.8531015323794414,0.3394108609992277,0.7346617819126903,0.5221854285755905,0.7508738799804141,0.6666666666666666,0.2,0.025917578441651073,0.04606765688705061,0.7028781333333333,0.092,0.08
2025-08-20,IOTX,-0.04642073441825101,0.0310282432328538,0.0315388399340503,0.0295170640823288,0.0295878893942766,4274156.58202133,139974406.638338,-0.7960209127366458,-1.1791313478033612,-1.1471715991134541,-1.0578457123547036,-0.8092585453356502,0.277835212796683,0.6390730244691202,0.25749266387924097,0.8925176207157272,0.3520021608538626,0.8765110321094325,0.41533863882869015,0.7506913075768195,0.43258497097118087,0.7577656143315906,0.6666666666666666,0.4,-0.047532726215170545,-0.04642073441825101,0.6969214666666667,0.12,0.08
2025-08-13,IP,0.008611472998800718,5.83061983996566,6.05882069474164,5.56036926360867,5.94221433755069,57248274.0775079,9848355.42189306,-0.3054189680964505,-0.06763475500867955,0.04112710942154507,0.15929572003404502,0.3030860570802112,0.12095898318808107,0.8806085368725098,0.36208637893704765,0.7892099254797076,0.6898000763402232,0.7435287091686177,0.7429028403979505,0.9082168256752634,0.3488076322472562,1.011273391225616,0.3333333333333333,0.2,0.018958534262773514,0.008611472998800718,0.7028781333333333,0.092,0.08
2025-08-20,IP,-0.041838855120282736,5.94221433755069,5.96922085848994,5.65698630225901,5.69359889278824,13344316.0467556,2291921.84241128,-1.8124096623146464,-1.5393945457784568,-1.4392717730169373,-1.322953975205209,-1.1808281385693036,0.21859901979729668,0.9017693585085443,0.4109741806055447,0.8038747499625183,0.578689637195682,0.7674737965163839,0.9029510212852667,0.9181703732283701,0.35010348939322733,1.0152256622161318,0.3333333333333333,0.4,-0.042739305470387096,-0.041838855120282736,0.6969214666666667,0.12,0.08
2025-08-13,JASMY,0.27536115962323526,0.0185661544273656,0.0192308552435432,0.0180179672269571,0.0187261330333894,57222267.448086,3085746443.88095,0.39571386938549225,0.5776684764422733,0.47772290637466597,0.31156544178469403,0.3486855814428971,-0.16806450444268162,0.9283321466398274,-0.11484910979374174,0.8990723092473012,0.1461787968278787,0.9964502473986695,0.1273565506317864,0.9510022802233147,-0.17465420103632434,0.9282526342486038,0.6666666666666666,0.4,0.008579768004772401,0.27536115962323526,0.7028781333333333,0.092,0.08
2025-08-20,JASMY,-0.04451990870134315,0.0187261330333894,0.0190816505819059,0.0177405248568316,0.0178924473004137,20175649.7636433,1095496002.64424,-0.7916608548674979,-0.5234933563128727,-0.5216011778603438,-0.7397454965287515,-0.6916905112449605,-0.06533340702664792,0.9518913399934769,-0.08327969507285382,0.8947926876553719,0.12354606557856007,1.0067460386537008,0.25007632897655996,0.9647440107125053,-0.1406696915184259,0.9326464253001981,0.6666666666666666,0.2,-0.045541351417721275,-0.04451990870134315,0.6969214666666667,0.12,0.08
2025-08-13,JLP,0.08077391675734136,5.26677663013719,5.40016329697863,5.26239030163357,5.39383186418099,674335.577966756,125787.05,0.008036586309629001,0.0042981361359455406,0.0058897015975230005,0.0037106184339563697,-0.001080213205144176,-0.02849218770374451,0.2508612509870848,0.032412192033791865,0.22746420549888943,0.09793055907476922,0.22961567380243506,0.1419248328050371,0.2167788051000008,0.13662080662333853,0.2464617928779043,0.6666666666666666,0.6,0.02383752304778815,0.08077391675734136,0.7028781333333333,0.092,0.08
2025-08-20,JLP,0.014130707734306247,5.39383186418099,5.47165955671391,5.3922026677715,5.47005052582172,280971.185838088,51573.05,-0.8609890932590805,-0.8679877372590248,-0.8708738536226921,-0.8707261645600539,-0.8758058842191616,-0.008809338818232648,0.22289451901728338,0.0329389921276495,0.21933328862667556,0.07204113497402886,0.23250272659096607,0.15161364559173052,0.21818710404390432,0.11110557184966274,0.24761958992170738,1.0,0.6,0.014031799952733667,0.014130707734306247,0.6969214666666667,0.12,0.08
2025-08-13,JST,0.06523452936107677,0.0341592702808903,0.0346134337522975,0.0339191994792654,0.0345137174718278,22836518.3206233,663654125.585873,-0.05143589966051465,-0.27183727282341863,-0.5878282519409979,-0.6016328356998599,-0.47126003281017503,-0.12666602487231704,0.43715044316789936,-0.1365005447125468,0.6237349454443195,-0.07549878964631829,0.5588423422535443,-0.03134848386872169,0.47944714823368195,-0.12033765008500341,0.4634313886520572,0.6666666666666666,0.2,0.0103228459997471,0.06523452936107677,0.7028781333333333,0.092,0.08
2025-08-20,JST,0.010227585590698363,0.0345137174718278,0.0351945817795025,0.0343968104960946,0.0348667094713241,18143987.7972174,521535834.011995,-0.30546109108247066,-0.3241520695521771,-0.7846931722183363,-0.8079367359957139,-0.70272313877744,-0.11116201208099441,0.3898518315995238,-0.12166057773268046,0.6253214507249356,-0.07594772407367145,0.5599911700573156,-0.0014004404474502463,0.48025277752740053,-0.12752751764966264,0.4636227965395069,1.0,0.0,0.010175637737683835,0.010227585590698363,0.6969214666666667,0.12,0.08
2025-08-13,JTO,0.1447252285419427,1.91273586829114,1.98734744081178,1.88308794188096,1.91507411332851,33546049.9560198,17288270.9015991,0.5516147925183255,0.4975566488459222,0.32489307762936903,0.13883617960773975,0.19918888855318784,-0.1724059448620765,0.8574132062643126,-0.14541251458237114,0.7726468591804998,-0.1279313478263424,0.7992907920868279,-0.16875014577107061,0.7046639385752326,-0.12166496684256223,0.9307140958712982,0.6666666666666666,0.0,0.0012217144212663678,0.1447252285419427,0.7028781333333333,0.092,0.08
2025-08-20,JTO,-0.003548912301246432,1.91507411332851,1.96835985897529,1.88848009871231,1.90827768324992,27671146.4273963,14309168.2030606,0.22970925916345664,0.27606349728998225,0.1495721512077921,-0.04552667079810391,0.00022027019801740266,-0.08978854237960798,0.7068328432496311,-0.07141241626446315,0.7651312676957379,-0.08704880276413829,0.7975768613889178,-0.08754076680636469,0.7017377572943629,-0.07820605658260316,0.930602202635626,0.6666666666666666,0.0,-0.0035552246295322476,-0.003548912301246432,0.6969214666666667,0.12,0.08
2025-08-13,JUP,0.1613501925533456,0.533572996181595,0.567031928701248,0.531070378321277,0.552068326058159,72387987.5903098,132358712.791528,0.5308149028755764,0.6033983524460425,0.37543396623458847,0.2013265837094096,0.34292602102264524,-0.17802947568347782,0.9954245552480064,-0.11819552339027162,0.9746144220582614,0.04649270381996917,0.9751122047987072,0.15772460390935916,0.8883548472924586,-0.002394782589327793,0.9842937905412386,0.6666666666666666,0.2,0.0340759312432009,0.1613501925533456,0.7028781333333333,0.092,0.08
2025-08-20,JUP,-0.030260963341872782,0.552068326058159,0.570641397918196,0.529328325872223,0.535362206681104,26660236.7202048,48374403.8881189,-0.6285042637865317,-0.4445082427488245,-0.5973729542376134,-0.8053021136414173,-0.6739705033614349,-0.07593894134633883,0.9282151598846632,-0.082213422304517,0.9386826802628944,0.031072040098087506,0.981312001707842,0.2661734767493322,0.893767604881871,-0.07781683365777503,0.9862207467048465,0.6666666666666666,0.2,-0.030728278054012383,-0.030260963341872782,0.6969214666666667,0.12,0.08
2025-08-13,KAIA,0.09472490947294832,0.150802576870676,0.158945353650559,0.14854985299604,0.157688355577337,23734408.4721511,154497798.247774,0.3352707995833626,0.14600098625708213,0.10202518382650894,-0.08590897133143116,-0.02000009216775922,-0.1233983997917526,0.6819778694990909,-0.06007514211851006,0.611407357243672,-0.04532978367568785,0.6720972831847618,-0.2579831838751454,0.602461784974802,0.009246255493916777,0.871188219478792,0.6666666666666666,0.2,0.044649108734670456,0.09472490947294832,0.7028781333333333,0.092,0.08
2025-08-20,KAIA,0.06467836458474552,0.157688355577337,0.171977636315276,0.155723509262764,0.167887380530137,59432562.6447727,358780219.164153,1.1985489057396386,1.0566240596230578,1.049943602229753,0.8286261232155496,0.9024910764234342,-0.07682572367272467,0.7059003156214742,-0.07363373678173624,0.6646985458464132,-0.044665313757687564,0.6845621722013515,-0.17079160517478365,0.6299135849544979,0.051652214693968634,0.8798964623718497,1.0,0.2,0.0626727484639231,0.06467836458474552,0.6969214666666667,0.12,0.08
2025-08-13,KAS,0.1312696507420421,0.096829527794121,0.100874154625845,0.0950143689597024,0.0992587029308679,62822109.9557676,641072352.749089,0.3019987804263522,0.2674424947597167,0.15321544545151866,-0.005845297510141734,0.06797631371944135,-0.15858567986789063,0.8143198195762852,-0.07808940092433203,0.8702465567953588,0.05990207488339827,0.9842508307885128,0.12148454701055522,0.883311762220495,-0.12106541359932144,0.8882937558942429,0.6666666666666666,0.0,0.024777615720908638,0.1312696507420421,0.7028781333333333,0.092,0.08
2025-08-20,KAS,-0.033659593856856684,0.0992587029308679,0.101095979035336,0.0952282298911323,0.0959176953034565,32560770.4155764,331016915.954418,-0.44271502710824606,-0.40082086378222925,-0.4747602415861394,-0.6546577360926378,-0.5959484077064161,-0.07454510423538008,0.7678232179526663,-0.04552522266882153,0.8420505725194335,0.030225953689970053,0.992646101718648,0.21467103643007301,0.8909776829314275,-0.1372346250559331,0.8905531587134136,0.6666666666666666,0.0,-0.03423911953170297,-0.033659593856856684,0.6969214666666667,0.12,0.08
2025-08-13,KAVA,0.010061352580655658,0.391117721413913,0.401132814526681,0.384006457378244,0.390781438809963,19432088.9710957,49393057.7918137,0.10593528406985442,0.3713337631696767,0.389392897409234,0.3488999878835557,0.3515301576210632,-0.05636673908944567,0.45207352682317636,-0.10736084076084584,0.3959929747040457,-0.040322928002859304,0.4143495652617038,-0.05039931700252487,0.38401038150677363,-0.1779695208381593,0.4978691486016527,0.3333333333333333,0.2,-0.000860168783371131,0.010061352580655658,0.7028781333333333,0.092,0.08
2025-08-20,KAVA,-0.03480943633362821,0.390781438809963,0.392476651571349,0.373848739875037,0.377178557195344,11302175.5583503,29542338.6263911,-0.5033445683836106,-0.2025991030372687,-0.15577801116162604,-0.21068695747820243,-0.21023756067402388,-0.012721602190306824,0.4652934186577786,-0.08625457231696709,0.41252941459735054,-0.0421171824370552,0.4294266725631827,-0.013791821818048056,0.3970972318767457,-0.19472709730959537,0.5023201775968925,0.3333333333333333,0.4,-0.03542972183689232,-0.03480943633362821,0.6969214666666667,0.12,0.08
2025-08-13,KCS,0.19978625246061155,11.9982551701257,13.0626473742863,11.988147219603,12.5690682978383,7291759.97444889,580920.90898618,0.8206723964237472,0.9741763249540192,0.9788979681029151,0.9830162209834032,1.16916932238696,-0.13593301601867713,0.8009330924463681,-0.1078355557460754,0.6755100954294312,-0.061436166045083174,0.5871766241369089,-0.055424704498138744,0.4832695998434613,-0.05134921028363526,0.37261550649866804,0.6666666666666666,0.4,0.046477662033738334,0.19978625246061155,0.7028781333333333,0.092,0.08
2025-08-20,KCS,0.09272068350634499,12.5690682978383,14.0545845001196,12.5386192185029,13.7344809014518,7262456.54638681,534596.50078833,0.606224671533143,0.8462961412208099,0.8961043075642028,0.916008928059826,1.1023807567993575,-0.13202108690844538,0.8966383391993097,-0.1196748174819543,0.765880514750681,-0.07501296877675456,0.6637874324321482,-0.050417097636168084,0.543789398845645,-0.06026731887339043,0.4126948035951279,1.0,0.4,0.0886706262214414,0.09272068350634499,0.6969214666666667,0.12,0.08
2025-08-13,KMNO,0.2261171247657634,0.0572073325692144,0.0642326301397147,0.0570340951180286,0.0616347461168406,23215380.1644923,380493805.849153,1.445974847874533,1.4590557872924048,1.2599379555802876,1.1237843189262442,1.267697509273173,-0.16352134230701887,1.0019709420455167,-0.17798906954713734,0.8531011707922083,-0.1105290114721933,0.8724729570866371,-0.12264052671179448,0.793980917647003,-0.2636833725125026,0.9307801394673222,0.6666666666666666,0.2,0.07454368991618679,0.2261171247657634,0.7028781333333333,0.092,0.08
2025-08-20,KMNO,0.0819500904709547,0.0616347461168406,0.0667325479783493,0.0611814647903365,0.06668571913727,12694063.918765,196019036.089675,0.4509114878592406,0.6488977217819247,0.5942056516408467,0.45665438807000136,0.5952674673492044,-0.12382501817631875,0.9206791922584617,-0.15691813950824174,0.9087794900838213,-0.1329093095648327,0.9172655663746668,-0.05787340580011879,0.8264659412921245,-0.34394521027348046,0.9433578546045798,1.0,0.4,0.07876505225407557,0.0819500904709547,0.6969214666666667,0.12,0.08
2025-08-13,LDO,0.5136610760163769,1.5411231048216,1.56850882483139,1.45854912871976,1.50293397991283,247803120.410909,163287006.577321,-0.07811683390609048,0.41612367892422597,0.5637974798639434,0.49141439339836523,0.7259420806459538,-0.13907372419838238,1.2423660962229441,0.01359818836665827,1.1327973538344114,0.18078866902200752,1.163630569798093,0.3473825144784741,1.039839100468598,0.016425674160815085,1.0450622292759282,0.6666666666666666,0.2,-0.025092255203129108,0.5136610760163769,0.7028781333333333,0.092,0.08
2025-08-20,LDO,-0.04968172364468115,1.50293397991283,1.52001863160066,1.41510973700698,1.4282656292666,92288820.0955825,62937620.8582369,-1.1725867693387642,-0.6428767862948206,-0.47002568052485927,-0.5296680700435914,-0.2986422393289061,-0.013683901528037556,1.2149202175634293,0.01715946596193163,1.157902092322133,0.2522588202317195,1.1281031121964287,0.5333368029915759,1.0581041854171283,0.07119751166130239,1.0492990837720495,0.3333333333333333,0.2,-0.05095832275437199,-0.04968172364468115,0.6969214666666667,0.12,0.08
2025-08-13,LEO,0.02952907266561522,9.11112117928431,9.25800820438485,9.10995275933812,9.24588171238729,2501090.04875031,270939.334054909,0.33346930748714776,0.3812483135440985,0.27019009059871557,0.020705950701533027,0.08124759454451436,0.0015908900305448004,0.15132944793277692,0.014533131345960237,0.12555538527245472,0.0017901783875524657,0.11400147652553955,-0.001027185088429583,0.11871762311815197,0.016023420905023178,0.2557951964034197,0.6666666666666666,0.6,0.014682457131078406,0.02952907266561522,0.7028781333333333,0.092,0.08
2025-08-20,LEO,0.0011422642697647145,9.24588171238729,9.29862520552299,9.24150709997016,9.25644295270982,1138319.19498961,122858.637618522,-0.5703253928236975,-0.4195789136114847,-0.47797380860072813,-0.7484855204726948,-0.7169912563833698,-0.0015897724362070598,0.15018866347488272,0.0024012804945925392,0.12555572202048396,-0.008069138362680528,0.10953052844357651,-0.00362933765015816,0.11872402397735818,0.025263749579640393,0.25342793115412904,1.0,0.6,0.0011416123823050014,0.0011422642697647145,0.6969214666666667,0.12,0.08
2025-08-13,LINK,0.4362691970575836,23.5780439935053,24.6882266054423,23.2466861007197,23.9557779128864,1497739529.54937,62875485.2301637,0.4873991751818849,0.8212544607637895,0.9095031146793779,0.8638264967288372,1.0500805045809933,-0.08213550293732053,1.1306992701363834,0.0006253523428776386,1.0016828133069033,0.1703308583918608,0.9682406307981617,0.2688077372923423,0.8311807420499862,0.05020509530103556,0.7832578119305246,0.6666666666666666,0.4,0.01589360399421596,0.4362691970575836,0.7028781333333333,0.092,0.08
2025-08-20,LINK,-0.016204940475436524,23.9557779128864,24.2767254689563,23.2149465284992,23.5675759577653,468070486.982742,19683561.2654121,-0.8559854192356653,-0.4527904974170056,-0.3178618412376579,-0.34746530485259797,-0.16552666549088002,0.03182261616930693,1.0924601915887207,0.026435673450655006,1.0023940739231731,0.21311719947905017,0.943495116388487,0.4267707491593682,0.8357270120283359,0.15338809840422662,0.7831462939985983,0.6666666666666666,0.2,-0.01633767646257446,-0.016204940475436524,0.6969214666666667,0.12,0.08
2025-08-13,LPT,0.14332565175305367,6.88748934364777,7.17978957772859,6.79240680469337,7.12700226469812,15995181.8748633,2282592.55396456,0.45657954056844474,0.4999867266711959,0.3343821815388779,0.14519814119293173,-0.007938604377379477,-0.11181114046592289,0.8675036333011306,-0.11848273985623103,0.8189625032897785,-0.010154973398438294,0.8180591824245456,0.10160943373611664,0.7445117156724315,-0.2776155933793252,1.0222466920166928,0.6666666666666666,0.0,0.03418407900679386,0.14332565175305367,0.7028781333333333,0.092,0.08
2025-08-20,LPT,-0.026183971240802628,7.12700226469812,7.21917618220377,6.85715777020417,6.94038904236613,6794321.14587485,964597.067484027,-0.5385650064876231,-0.376733383877653,-0.5058736968422259,-0.6961092214110849,-0.8553869256067692,-0.04005550906103428,0.8277988723983888,-0.09326212000285994,0.8192215520447598,-0.02256467148914354,0.81885484872305,0.18705049525803052,0.7491875849089487,-0.28594843403445735,1.022393071465472,0.6666666666666666,0.0,-0.02653287535750239,-0.026183971240802628,0.6969214666666667,0.12,0.08
2025-08-13,LTC,0.09754387370121198,130.426487472916,134.069698080484,128.611404996568,130.900315311237,856550892.35044,6531568.02184547,0.08478000236958394,0.10582040041872887,0.18329820245857675,0.09042098786528285,0.2860870579621526,0.06432814380287533,0.7546869109491298,0.2227256889867011,0.6678066800809427,0.3157394684475421,0.7551216853117029,0.40773332885235236,0.6485410975889698,0.25617358475728635,0.6112917443749838,0.6666666666666666,0.2,0.00362632804992951,0.09754387370121198,0.7028781333333333,0.092,0.08
2025-08-20,LTC,-0.019092861010102213,130.900315311237,133.773231324485,127.652420003517,128.401053784821,409122214.91353,3126221.36380234,-0.6951230883243689,-0.6587397682595046,-0.5479257795138714,-0.6641253857540264,-0.4722692223765925,0.09498436940667765,0.719779498743983,0.2096844968002971,0.6767707491302667,0.29641178739316354,0.7535429772729728,0.45699164098523504,0.6532485767816794,0.22288787205849214,0.6129428206760075,0.6666666666666666,0.2,-0.019277483438659704,-0.019092861010102213,0.6969214666666667,0.12,0.08
2025-08-13,LUNC,0.05708733968574031,6.18394283704517e-05,6.28478449034949e-05,6.07148636397236e-05,6.2367410726232e-05,12721013.9633321,205600675190.038,0.4390632160053016,0.4370682787067519,0.41449490673378975,0.19834383156707958,0.28573690505796634,-0.0621019609255542,0.49257155262703584,-0.08296320262688894,0.49056082538830487,-0.0171663161128236,0.593231394554259,0.05872331368182482,0.5457511812831326,-0.07851759830836558,0.5491471813786313,0.6666666666666666,0.0,0.008501714394997325,0.05708733968574031,0.7028781333333333,0.092,0.08
2025-08-20,LUNC,-0.026778006344125194,6.2367410726232e-05,6.34330511624491e-05,6.05998535791285e-05,6.06973358061383e-05,5257491.52055044,84616317722.9227,-0.5535528439154103,-0.49138050379331233,-0.4545950037186888,-0.6906439564363236,-0.6070862899187457,-0.009553523762175775,0.5003894773721054,-0.04139582730228064,0.49904783076702797,-0.025040618059486763,0.6004550319465485,0.1137318944350838,0.552312390480132,-0.08636342946291453,0.5515670628440587,0.6666666666666666,0.0,-0.02714306901054412,-0.026778006344125194,0.6969214666666667,0.12,0.08
2025-08-20,M,-0.017035963588531766,0.430870655989738,0.441951679952802,0.41768002389953,0.42353035918293,5973262.40469928,13909543.91255,-0.30352395280591793,0.0,0.0,0.0,0.0,0.0,0.0,0.0,0.0,0.0,0.0,0.0,0.0,0.0,0.0,0.0,0.0,-0.017182745046996458,-0.017035963588531766,0.6969214666666667,0.12,0.08
2025-08-13,MANA,0.13510472099374282,0.310023925865813,0.322376940365477,0.304742952522166,0.320034214224032,50255662.4778821,160211564.457182,0.7143216987173702,0.7843506794823512,0.6231226769030478,0.4855607658099892,0.48561616027993537,-0.10254748070110165,0.7376022953195561,-0.10339172066533242,0.7125370762129345,0.00875676242372081,0.7695986844540911,0.11019583153998558,0.7152866910559271,-0.1405614511280051,0.7418282200937153,0.6666666666666666,0.0,0.031778434815142635,0.13510472099374282,0.7028781333333333,0.092,0.08
2025-08-20,MANA,-0.020153114011475792,0.320034214224032,0.326128554437603,0.310308936131213,0.313584528217202,21801274.6073846,68325365.308717,-0.31708855205217645,-0.10130803167536939,-0.19177332608741438,-0.37197347557247085,-0.3436197743610627,-0.0452691065026154,0.689148637248877,-0.08779467172863054,0.7159870185321763,-0.008764520314170077,0.7638498014537687,0.21221195412596705,0.7185759566243903,-0.15187191582840454,0.7423996476370347,0.6666666666666666,0.0,-0.020358958311290403,-0.020153114011475792,0.6969214666666667,0.12,0.08
2025-08-13,MANTLE,0.28837354119100134,1.02734468921761,1.1367879777831,1.01969088135302,1.12430808672554,275819040.340511,252038734.46617,0.06454732429833143,0.24145287799058934,0.32516080674455594,0.306573236499748,0.41182189097459343,0.07266607714648976,1.3274411177328327,0.1597628276251346,1.1910867206087568,0.42882860221514996,1.0767379263417909,0.399287958788509,0.9444084552211202,0.11959499281891062,0.745906388802748,0.6666666666666666,0.2,0.09019031050642569,0.28837354119100134,0.7028781333333333,0.092,0.08
2025-08-20,MANTLE,0.03678470134941403,1.12430808672554,1.20517222479876,1.10238138298168,1.16566542392047,150437318.296165,132624223.430458,-0.5614020326829383,-0.4082501763842785,-0.296300021820155,-0.31395141991488984,-0.21316305400047497,0.31402001755904174,1.313918547826539,0.2480858923991074,1.1551388912390341,0.5770885176994256,1.0559039810360944,0.633465887742251,0.9463420241017756,0.2770569638923819,0.7459812736269136,1.0,0.2,0.036124290864081345,0.03678470134941403,0.6969214666666667,0.12,0.08
2025-08-13,MATIC,0.14195005070357491,0.247318069377493,0.256574893097083,0.245473709582234,0.255853917555912,1782493.40576497,7116321.47124192,-0.011251578026609366,0.03443798809962573,0.09433006833689994,-0.09876344792234448,-0.10094735824125856,-0.03258227091558341,0.7096701025864687,-0.03687883443145634,0.6715133366232537,0.07798563646784329,0.7111557255709481,0.26041525087428563,0.6767576921644646,-0.10421959294385019,0.6959820136977667,0.6666666666666666,0.2,0.033931408570780835,0.14195005070357491,0.7028781333333333,0.092,0.08
2025-08-20,MATIC,-0.018729590910476435,0.255853917555912,0.260019154981872,0.249065138352311,0.251061878347247,890580.173865573,3474210.15191983,-0.6899104259072839,-0.6681070410931458,-0.5834371025668776,-0.7676641983329109,-0.8039443602913874,0.032270574487936354,0.6310696489524655,-0.001850358911195893,0.6751094494683169,0.07360258840966694,0.7137350950285012,0.3664646576502171,0.6802891379253636,-0.0634125967989837,0.6965636422691188,0.6666666666666666,0.2,-0.01890721102969064,-0.018729590910476435,0.6969214666666667,0.12,0.08
2025-08-13,MEW,0.12348598002292288,0.0033136739358432,0.0034769472152936,0.0033084040023258,0.0034164594926013,40549086.4994358,11905885085.5165,0.6677021483392096,0.7035135503824037,0.45177503413763986,-0.044425521745111496,0.1001116238343478,-0.16649990568042494,0.851228174356753,-0.14066669002978827,0.8569526274769891,0.07404414781886959,0.9670521589846222,0.21557751561585214,0.9429676881507978,0.031398742460646556,1.0118832468252403,0.6666666666666666,0.2,0.03054725451078028,0.12348598002292288,0.7028781333333333,0.092,0.08
2025-08-20,MEW,-0.02904132573404372,0.0034164594926013,0.003505891129583,0.0032725108268677,0.0033172409796195,17757824.4000732,5230065612.42597,-0.3301962299294523,-0.17755804909231898,-0.33819344863044165,-0.8485506505572253,-0.7363632332329075,-0.05564481298755963,0.812977715614455,-0.08158903117821392,0.8234600428835516,0.06265153745006047,0.9723209344181433,0.34490060154485236,0.9431660767740753,-0.023922354681380376,1.0134471906861886,0.6666666666666666,0.2,-0.02947137156978201,-0.02904132573404372,0.6969214666666667,0.12,0.08
2025-08-13,MIOTA,0.15366673816099707,0.211118180648539,0.2176025429477,0.208568867837632,0.217020220511951,21484883.250968,100487446.967116,0.2098427224772479,0.3198213055264034,0.1676793863219821,-0.08446826143897468,-0.13844932414055577,-0.09456699257736068,0.765646246781469,-0.17542881112378161,0.7875152674677709,0.09258551490232514,0.8535885059489007,0.1987579442298868,0.8829278493328707,-0.18521495468583804,0.828481451893393,0.6666666666666666,0.2,0.027572456741823355,0.15366673816099707,0.7028781333333333,0.092,0.08
2025-08-20,MIOTA,-0.004212667530234304,0.217020220511951,0.227515702442794,0.213333280649396,0.216105986475596,20080323.6899947,91351439.7406289,0.05333120044614503,0.22966148470734637,0.12702516371177452,-0.1271127397484335,-0.21471393213111511,-0.001257126128932251,0.6867660153876369,-0.16949320583532657,0.7676656560779029,0.09848286981843146,0.8294297511039738,0.3077905439406985,0.8835044349704143,-0.15989227791305105,0.8278210408741027,0.6666666666666666,0.2,-0.004221565813225768,-0.004212667530234304,0.6969214666666667,0.12,0.08
2025-08-13,MKR,0.01773710919749405,2005.04937128631,2036.84522314723,1936.25954764496,1962.09610665939,58453717.5497837,29466.9087295541,0.39607806747588015,0.5101920486768456,0.30183167756739593,0.05988819814066204,0.17745148919152243,-0.05167550441787483,0.76992860693617,0.007881486192556464,0.8407068691944103,-0.015017914777555097,0.7924055330806209,0.01564826547445719,0.7080742289490907,0.13061672460848772,0.8174036769090922,0.3333333333333333,0.0,-0.02165534056862663,0.01773710919749405,0.7028781333333333,0.092,0.08
2025-08-20,MKR,-0.02265227834521444,1962.09610665939,2001.74161928732,1903.99731683349,1917.65015951128,22948578.8101034,11739.4440082181,-0.6234488987763918,-0.47395424855632484,-0.6292760300354772,-0.8686074083078665,-0.7653233706365477,-0.009862291337012663,0.754482407922926,0.06051588724111112,0.8448569593470763,-0.011543337448132407,0.7944710568667652,0.08940468024595183,0.7085330661657928,0.14792888229427548,0.8187683133365575,0.3333333333333333,0.0,-0.022912782731487013,-0.02265227834521444,0.6969214666666667,0.12,0.08
2025-08-13,MOG,0.1794924645836724,1.38515993764485e-06,1.48275948897139e-06,1.34053591909342e-06,1.44751750607663e-06,30268881.8524891,21709490972399.2,0.3193877062237078,0.37230842681546505,0.25077488726481434,0.13431817652794464,0.044264817193500505,-0.1749933035433049,1.2875616559963048,-0.24879722733649734,1.2439988994754778,0.03720626817034267,1.1405924089924695,0.32456429026224276,1.2998943109539858,0.16238774152150137,1.3351790025262633,0.6666666666666666,0.2,0.04403441298380144,0.1794924645836724,0.7028781333333333,0.092,0.08
2025-08-20,MOG,-0.057430961795863156,1.44751750607663e-06,1.45517210855012e-06,1.35284339338426e-06,1.3643851834863e-06,9572996.73532861,6803251945681.27,-0.9366339618114203,-0.7982714617665181,-0.8555739406335761,-0.9722487594116913,-1.118343132670816,-0.1044187970329784,1.192751716077369,-0.1917864683424143,1.2569317343483233,-0.06795989704915639,1.1537685353345113,0.46432848208724975,1.3151004582470187,0.15215041458115808,1.338061102671208,0.6666666666666666,0.4,-0.0591461122586628,-0.057430961795863156,0.6969214666666667,0.12,0.08
2025-08-13,MORPHO,0.23055423112243445,2.21554578328204,2.27839189112143,2.19033348107997,2.26219932499531,17594301.3884076,7842474.41129694,0.15494064632694204,0.19310136546623724,0.16778598594055794,0.0373555026363519,0.10290857574124601,-0.029402982351905194,0.9529755075989959,-0.11819937696624472,0.9245775901357071,0.16358636900375756,0.9334288899831972,0.3222820133073292,1.0441062295640722,0.21910053918273387,1.0056154893895248,0.6666666666666666,0.4,0.020838716298522447,0.23055423112243445,0.7028781333333333,0.092,0.08
2025-08-20,MORPHO,-0.03204464483507885,2.26219932499531,2.29521558752213,2.15709683781117,2.18970795107968,9074809.05963561,4078951.68798543,-0.5423636564689218,-0.47382479857620297,-0.4883880196666297,-0.609220882830737,-0.5735773770194257,0.03681644551808949,0.9442173924988332,-0.04094500905864151,0.9401926133224245,0.17201047592185903,0.9414764357464543,0.4596949594246207,1.0518702210963775,0.3167390636799423,1.0068783827290477,0.6666666666666666,0.2,-0.03256931346654761,-0.03204464483507885,0.6969214666666667,0.12,0.08
2025-08-13,MOVE,0.11477037037363447,0.141911750188298,0.146948913717764,0.140096223632,0.146633456727181,32210952.6893071,223376795.930448,0.31651179019131703,0.3220331628334421,-0.17722679651110695,-0.4147889244637035,-0.44956183523558835,-0.1588225143816816,0.6381773282250337,-0.0997805316626662,0.7620715521553244,-0.05189311922152351,0.9100712496821272,-0.20937423233878238,0.7827187123582563,-0.3311411676828744,0.8766294063325042,0.6666666666666666,0.0,0.03273059434230862,0.11477037037363447,0.7028781333333333,0.092,0.08
2025-08-20,MOVE,-0.028101304257940107,0.146633456727181,0.147881802951719,0.141027235249476,0.142512865345297,14728064.7894163,101621687.70789,-0.5550146566390133,-0.46265144456586427,-0.8912023489738807,-1.1597229263912396,-1.217164808041531,-0.01736764195748619,0.6048426058009199,-0.057686782725361097,0.6055821569578079,-0.03833433714448675,0.9158940086624647,-0.2153781637335329,0.7853417684579832,-0.39538471797414054,0.8775861304210926,0.6666666666666666,0.0,-0.028503702440831537,-0.028101304257940107,0.6969214666666667,0.12,0.08
2025-08-13,MSQ,0.0004782218713388353,11.1465601870984,11.1819282664932,10.8335958893641,11.0781388183862,1412336.99602614,127897.17419124,-0.35837294491145855,0.007696020994220731,-0.509108122219228,-0.6991825972496439,-0.6467795091546105,-0.18635463607816094,0.9674041844239344,-0.19445918427620967,0.7961311961097028,-0.16852019449410416,0.7215473363213492,-0.2851693805630524,0.653301476183689,-0.03516651647483149,0.8290171540591575,0.3333333333333333,0.0,-0.0061572563803886276,0.0004782218713388353,0.7028781333333333,0.092,0.08
2025-08-20,MSQ,4.241776100677441e-05,11.0781388183862,11.1313995004661,10.9076315579839,11.078608728231,890597.579046713,80999.32395016,-0.8236299270419192,-0.4536423621482406,-0.8788489596789493,-1.1361134429862858,-1.1028018703788938,-0.05146956948559156,0.962633786984191,-0.0813375921330497,0.7947084515774164,-0.11493728687854743,0.7215977125999943,-0.1861159571310408,0.6518600093534697,0.13797559922827407,0.8288123826103037,0.6666666666666666,0.0,4.241686139898947e-05,4.241776100677441e-05,0.6969214666666667,0.12,0.08
2025-08-13,MWC,-0.010898847917090726,36.6115013736045,36.622616811895,36.3217106183392,36.4762945810131,205219.77485246,5626.16,0.01848733981008266,-0.02658056774565054,0.00880003325139711,0.04206662074613021,0.012351393736855343,0.005555150786507035,0.31005531649559503,-0.02193093059321627,0.43982099016230347,-0.030837320550138214,0.41395846073632114,-0.01565619693472453,0.34975432970987747,0.10876716303119771,0.35501652237381,0.3333333333333333,0.2,-0.003699850161338499,-0.010898847917090726,0.7028781333333333,0.092,0.08
2025-08-20,MWC,-0.0034776229997668384,36.4762945810131,36.7615449923022,36.3043605384976,36.3494437800319,85902.4189207652,2350.98,-0.87339690830769,-0.8918026365016871,-0.8628562061748788,-0.836373836635623,-0.8594778530636287,0.014856216676700118,0.27599323258677017,-0.027554565136543197,0.43915542846081546,-0.027930979341422302,0.4125128672335428,-0.022378053853722824,0.34912165315064414,0.11979204179546121,0.3538460750933536,0.3333333333333333,0.0,-0.0034836839865957235,-0.0034776229997668384,0.6969214666666667,0.12,0.08
2025-08-13,NEAR,0.20303185003212,2.78625493624769,3.04288169253945,2.75335269052283,2.99485832785368,292581824.385933,100692769.192753,0.7014332349963652,0.7790402812011692,0.6805435506478155,0.5792854323010985,0.6835861350866459,-0.0958489293824174,0.9041281442898265,-0.08812388504080193,0.8499017123997442,0.06465745779950716,0.8376258414630332,0.16304788626078115,0.766647186232277,-0.08406093059189534,0.8435615567023524,0.6666666666666666,0.6,0.07219855019965622,0.20303185003212,0.7028781333333333,0.092,0.08
2025-08-20,NEAR,-0.007735785843777543,2.99485832785368,3.05802103039863,2.95175447591584,2.97169074519695,133295417.456751,44388108.0101715,-0.26334173672918126,-0.08062773156171588,-0.12561994861800585,-0.2302641218495154,-0.1270492531220384,-0.02419670684303321,0.8582924942427195,-0.058437237840237244,0.8479901470701168,0.054588661523131465,0.8322119859013869,0.29136580295423387,0.7660072226462897,-0.080860459629018,0.8414581819470054,0.6666666666666666,0.4,-0.007765862245227568,-0.007735785843777543,0.6969214666666667,0.12,0.08
2025-08-13,NEO,0.13266286171425334,6.57678414986993,6.83659050930445,6.50470994265244,6.78743019242988,24901771.2951805,3723270.61427146,0.38048202700742095,0.3084400949032613,0.07627201330207711,-0.07987994042757407,-0.007716537433726245,-0.1014316860454112,0.6982315303669664,-0.0947989582393689,0.6709882111930999,0.015974778710170057,0.7307603525989034,0.09761512345299317,0.6660771694048291,-0.04800400337042232,0.7171448205734208,0.6666666666666666,0.0,0.03152650563580035,0.13266286171425334,0.7028781333333333,0.092,0.08
2025-08-20,NEO,-0.02291367476009676,6.78743019242988,6.86158182387282,6.56685485671385,6.63190522454368,11170958.3792373,1660371.95349371,-0.5081483104242963,-0.49574069968837975,-0.6784394901566415,-0.8794204123226557,-0.8125412070420381,-0.03342481991942381,0.6616656636800914,-0.0669830417586349,0.6725019679836406,0.018311116694389673,0.7313410919256003,0.1823069928710157,0.6707000811999407,-0.036447367627398086,0.7183565954367281,0.6666666666666666,0.0,-0.023180273381126732,-0.02291367476009676,0.6969214666666667,0.12,0.08
2025-08-13,NEXO,0.06363383066784145,1.355047173381,1.38687176968793,1.34794542186498,1.37983977588761,14197243.8530697,10376400.8207647,0.3260918205146197,0.4535463847698473,0.4403419631875032,0.37073177222356435,0.3890844108527354,-0.017508586832892914,0.367243227211014,-0.007676652366864323,0.31862682946550086,0.052709934160616756,0.3147870580898439,0.06884267246066855,0.2911562854707787,0.020170722139876585,0.3562737741260638,0.6666666666666666,0.0,0.018131119970222827,0.06363383066784145,0.7028781333333333,0.092,0.08
2025-08-20,NEXO,-0.006486181085708198,1.37983977588761,1.38497720048828,1.35517019142001,1.37088988523194,7144805.76956254,5222758.53341185,-0.42280793710390974,-0.2749561539424388,-0.264844874077232,-0.31652111541577277,-0.3140045882589586,0.022496036244618933,0.3651105217585792,0.010366236412801433,0.31917267178476005,0.05668046274523997,0.31127718073857646,0.13754998121853657,0.29187506856959544,0.0574200806957228,0.35568292613485336,0.6666666666666666,0.0,-0.0065073077620956,-0.006486181085708198,0.6969214666666667,0.12,0.08
2025-08-13,NFT,-0.00978727908018362,4.730429668055e-07,4.73781514323411e-07,4.68105824612081e-07,4.71628128900945e-07,20322875.3047255,43117750061795.4,0.10676518070230401,0.06083174210900566,-0.05280942675232936,0.00990533148620898,0.06485571911176535,0.046303144765395876,0.11773514015708267,0.06228983385738651,0.17940796445892565,0.07189851596967611,0.21346953384539233,0.09097743310343454,0.18295867666336715,0.09897852627529313,0.2796718698047745,0.3333333333333333,0.0,-0.00299541071780369,-0.00978727908018362,0.7028781333333333,0.092,0.08
2025-08-20,NFT,-0.001839732044907838,4.71628128900945e-07,4.7631924001838e-07,4.66576574420905e-07,4.70760459518926e-07,16561835.214938,35161978095039.2,-0.1573523934287948,-0.09486691239229117,-0.2532343734120026,-0.198515624096121,-0.15346251146509005,0.02419330995205815,0.09366961745076748,0.02215968260991752,0.1641717712993757,0.06272578574149801,0.17224552227070677,0.09335963024873495,0.18318682180840554,0.08209409928251143,0.2784629197378815,0.0,0.0,-0.0018414264303687697,-0.001839732044907838,0.6969214666666667,0.12,0.08
2025-08-13,OKB,0.5136610760163769,46.4787985744931,153.256037273169,46.1315190665046,105.119968009143,1509005924.64679,14620570.8016784,5.5919993892254,5.425309357135053,5.25500772086491,5.092940143790361,5.14059390017615,-0.06009283353872985,0.8103313217960322,-0.034375156333028345,0.6636281804494722,-0.06992123994572941,0.5819266317801232,-0.10963518579361509,0.4900723724004569,-0.13713546442189106,0.4436451285185494,0.6666666666666666,0.2,0.14779632042171814,0.5136610760163769,0.7028781333333333,0.092,0.08
2025-08-20,OKB,0.0061142704980095,105.119968009143,114.785414352441,101.166599864421,105.762699928293,210609062.641034,1971481.22583646,-0.04599759026178063,0.6147515069455167,0.9836234224202549,1.2109153460711752,1.5515320399608825,-0.04526110585793319,0.7958747045578297,-0.024778825745364164,0.662265158019573,-0.06222271200873053,0.5817823078572198,-0.08024951509252565,0.4900904285771403,-0.1737101134459954,0.4437957225973789,1.0,0.0,0.006095654191033706,0.0061142704980095,0.6969214666666667,0.12,0.08
2025-08-13,OM,-5.181662886799554e-05,0.275528264538906,0.283406908087563,0.271980399062714,0.279320254631715,50658235.810054,181612861.126718,-0.4936299216569253,-0.3543572682284548,-0.44609763767729405,-0.7515438799727079,-0.5177586745958145,0.004920182848296317,0.7552619282922435,-0.0884477509162388,0.755268851497606,0.02793215873448429,1.012870279473717,0.023390551973037743,0.9002173092259397,-0.39019640358651386,0.8921158323552747,0.6666666666666666,0.0,0.01366877265206906,-5.181662886799554e-05,0.7028781333333333,0.092,0.08
2025-08-20,OM,-0.015588144789792868,0.279320254631715,0.285403309700214,0.270333857012689,0.274966170059794,24727122.4908662,88938512.8707935,-1.0077508093862946,-1.0844440950017393,-1.1194720646603606,-1.4701345858525805,-1.2423439332312363,0.04323973469970621,0.7018826001340945,-0.0876163161871738,0.729457709019921,-0.03613863057217459,1.013469025847022,0.06089457027424183,0.9006670274775452,-0.41159182763463587,0.8913710114202227,0.6666666666666666,0.0,-0.015710917455462717,-0.015588144789792868,0.6969214666666667,0.12,0.08
2025-08-13,ONDO,0.13981189306750763,1.05796796198259,1.08674107795328,1.04275886160311,1.07376033000524,220738030.551381,207141728.445878,0.2852057105448935,0.3107138404865921,0.1646967885225763,0.05579133961262883,0.1933827389514846,-0.08419066124731156,0.716761135486581,-0.012737093230652197,0.7040614896969976,0.13327079756176352,0.8067731723786651,0.237578034346406,0.7153338937795276,-0.03369232701327618,0.7508400800058403,0.6666666666666666,0.2,0.014816763466235658,0.13981189306750763,0.7028781333333333,0.092,0.08
2025-08-20,ONDO,-0.012530877119323547,1.07376033000524,1.10650944187767,1.05066237034655,1.06030517125434,131010775.194744,121622394.903818,-0.3405644632319813,-0.23768889713382535,-0.3040263357191151,-0.4741768490208145,-0.34443877431755254,-0.006163351868399669,0.700885586002099,-0.01867082912970175,0.703820312082867,0.13297863354932482,0.7642931268706161,0.37203517107150663,0.7173754372153878,0.003301992800212483,0.7485054334647677,0.6666666666666666,0.2,-0.012610050664648487,-0.012530877119323547,0.6969214666666667,0.12,0.08
2025-08-13,OP,0.3055507839401064,0.785625491557028,0.882126009835342,0.774029366551682,0.872265328549524,421717153.081061,508942238.446871,0.6263910093175049,0.7048738160919328,0.5214062216848525,0.49099728967583545,0.6672388971261718,-0.032017362710386466,1.0705447747066759,-0.018683962998811365,0.9247515444175889,0.17835073509668709,0.9292175020561393,0.28288151730107103,0.896244964481743,0.020241212526446617,0.9678992386409998,0.6666666666666666,0.4,0.10461344845256151,0.3055507839401064,0.7028781333333333,0.092,0.08
2025-08-20,OP,-0.05535689161450208,0.872265328549524,0.872728215336265,0.814202150309942,0.82397943129792,152083887.356135,180793214.832118,-0.5566492010833066,-0.37546751850534577,-0.519978857107926,-0.5526013899884248,-0.38472493094123905,0.03462837461864421,1.0713921294370568,0.03183350715444755,0.967209982577991,0.12890091702721218,0.9579032153491756,0.40255441657665125,0.9181522754545649,-0.005395826701247386,0.9681082987962012,0.6666666666666666,0.4,-0.056948085905186414,-0.05535689161450208,0.6969214666666667,0.12,0.08
2025-08-13,PENDLE,0.40699042104551575,5.72771336954693,5.88388093436265,5.41303883852331,5.6442532738365,163961950.037453,29152630.7034685,-0.032726215084579735,0.3517777719178561,0.46331401407102035,0.5023719187206801,0.7334415021271781,-0.08551530223940329,1.1509666036723278,-0.04722568640376412,0.9842916811943976,0.08039205529945725,0.9940612871313173,0.19360521542160392,0.9029525131566258,0.089595383752058,0.9169607708346932,0.3333333333333333,0.0,-0.014678480307399757,0.40699042104551575,0.7028781333333333,0.092,0.08
2025-08-20,PENDLE,-0.05415624236153738,5.6442532738365,5.67367312149449,5.24832170328843,5.33858172558871,57821593.9735109,10621295.122162,-1.1662947596452433,-0.7472493138302987,-0.6059335818672515,-0.5730206510725395,-0.34707798772282317,0.08902799751547241,1.1277036432242833,0.11553022175314931,1.0101014745152905,0.1489665080270588,1.0184883900605999,0.3925027039039066,0.922707437671784,0.20520401068487626,0.9232702544901132,0.3333333333333333,0.2,-0.05567788462955597,-0.05415624236153738,0.6969214666666667,0.12,0.08
2025-08-13,PENGU,0.049871052103272584,0.037198500408197,0.0383974970196418,0.0358838414749272,0.0374633519614454,534780923.126607,14364161218.3859,0.09043907901078185,-0.04389082289123891,-0.28926324875164156,-0.3952164467393331,-0.3013801743848781,-0.15108358396373522,0.9507535566621067,0.14630831208495,1.0808649174379246,0.8191247845250405,1.2079149840639607,1.56030780400945,1.3040720618510209,0.8023312475134772,1.2991282787219196,0.6666666666666666,0.0,0.007094725238825046,0.049871052103272584,0.7028781333333333,0.092,0.08
2025-08-20,PENGU,-0.042131408280323246,0.0374633519614454,0.0385573921535383,0.0358563862551226,0.0358849681844083,259664876.749431,6962578754.08057,-0.6784937417406063,-0.7416024060060948,-0.9231089700777773,-1.0958803950008544,-1.0213570315828342,-0.009838973387169325,0.9418132679729144,0.21830187441868043,0.9898044985451822,0.6350825473846675,1.2176693133676069,1.809729805017997,1.2989764123395167,0.8438889409544246,1.2978762540156334,0.6666666666666666,0.0,-0.04304467981476779,-0.042131408280323246,0.6969214666666667,0.12,0.08
2025-08-13,PEPE,0.15964462165466964,1.21321987074486e-05,1.24911470116355e-05,1.19682722183514e-05,1.22458967719534e-05,1096240412.60861,89687590223149.0,0.4725388259191341,0.5837631608364049,0.4949075208298268,0.24936542028807196,0.21849179871409774,-0.16993505309498314,0.9272191403677923,-0.21961509165897675,0.8478442398891587,-0.04414527813911495,0.8588348623834096,0.11499383229331506,0.8626647570789227,-0.013003225573037014,0.9871415421991614,0.6666666666666666,0.2,0.009327955008827072,0.15964462165466964,0.7028781333333333,0.092,0.08
2025-08-20,PEPE,-0.029553540525654065,1.22458967719534e-05,1.26621017456437e-05,1.18094312128565e-05,1.18839871654305e-05,538437297.493111,44054218964797.5,-0.3817953721981304,-0.1807993144872384,-0.21014750212036049,-0.42962306954909835,-0.5025026805141231,-0.10320000151131037,0.8986148026581924,-0.16831208501928585,0.8498045878481877,-0.10363135040722593,0.8635553283684837,0.21202021925557313,0.8686719774633452,-0.06682150589697888,0.9867675106327393,0.6666666666666666,0.2,-0.029999045875977553,-0.029553540525654065,0.6969214666666667,0.12,0.08
2025-08-13,PI,0.16142886703508963,0.392342967423782,0.403978492258093,0.384549439639429,0.400735314876845,68632490.5359955,173532638.97094,-0.31203726026747347,-0.15432122487382927,-0.05880077451369914,-0.0926946490691627,-0.05852645845472537,-0.23875046301682457,1.1808803869702218,-0.22470746776614892,0.9643540329434054,-0.2638816101196573,0.929688430875715,-0.4552547526335363,0.8353270255812278,-0.4223345895487858,0.8810482592942709,0.6666666666666666,0.2,0.02116477254687709,0.16142886703508963,0.7028781333333333,0.092,0.08
2025-08-20,PI,-0.013426783603779913,0.400735314876845,0.408536643845553,0.394831048886808,0.395354728521601,33359174.456614,83210274.5310216,-1.078551435555351,-0.8839698469331552,-0.7612580367691635,-0.8110620368627863,-0.7788934197476713,-0.18886049061471677,1.176746281080422,-0.18098328711280343,0.9635622420504988,-0.28452180474975586,0.9301661535196465,-0.37089096413073164,0.8356513439182935,-0.4779537037503828,0.8549163933059317,0.3333333333333333,0.0,-0.013517737929649805,-0.013426783603779913,0.6969214666666667,0.12,0.08
2025-08-13,POL,0.1445996422203577,0.247586848769882,0.257400200929223,0.24567390275148,0.256835048244903,131496274.457957,524167068.617195,0.2887053697666353,0.42865397996832044,0.4696095791253114,0.435654969253509,0.5567272991643755,-0.030998748248961094,0.7041069527788301,-0.03377859981869846,0.6667661461484656,0.08016710868648147,0.7071469115069897,0.26206570990578415,0.6751169260177086,-0.10522059319479604,0.6918563923885902,0.6666666666666666,0.2,0.03667261863058466,0.1445996422203577,0.7028781333333333,0.092,0.08
2025-08-20,POL,-0.020638271979304124,0.256835048244903,0.260852029914488,0.24975138997999,0.251534416665407,61424398.269733,239923113.431562,-0.5403322561657617,-0.37486948895186245,-0.29331213510246457,-0.3453597929848833,-0.2326638737280291,0.03282368558109816,0.630812629889772,-5.2377502119616004e-05,0.6719837999620478,0.07488698390961424,0.7104365063488567,0.3659308317137764,0.6793982510101151,-0.06528910072593608,0.692899364280602,0.6666666666666666,0.2,-0.020854217442223093,-0.020638271979304124,0.6969214666666667,0.12,0.08
2025-08-13,POPCAT,0.1365047550155083,0.333839085735092,0.34832272676958,0.329896178224332,0.344452724367734,41419457.3406985,121535542.673788,0.33981513275483977,0.29076681537869575,0.05368492792188562,-0.1631472535681091,-0.14263123177432036,-0.2252102855674153,1.1568855351268492,-0.19138032754586076,1.121945473708999,0.02606367386467956,1.193956583005633,0.23383424264524422,1.1892311467785175,-0.25744038514438816,1.2650626987413334,0.6666666666666666,0.4,0.031297753687524264,0.1365047550155083,0.7028781333333333,0.092,0.08
2025-08-20,POPCAT,-0.030560549449607066,0.344452724367734,0.355041949746043,0.332155824974636,0.333926059851642,21305194.6217134,61686628.2469188,-0.41399820287204037,-0.3595632885221889,-0.555936724309074,-0.7859193872192023,-0.8010584490540253,-0.10032124916667129,1.093436551766621,-0.0862434971613909,1.0885028610041299,-0.0447039717421277,1.1876225952101225,0.38648240482481055,1.193295478886236,-0.26718344294981344,1.2463303072386342,0.6666666666666666,0.4,-0.03103726055572011,-0.030560549449607066,0.6969214666666667,0.12,0.08
2025-08-13,PUMP,0.15830206622365983,0.0040090894278561,0.004167220739901,0.0037981940079574,0.0039594818017127,246162710.490919,62333489851.587,0.07287112153652942,-0.021179798336333988,-0.12055560137424592,-0.1725036607116266,0.2256012855921803,0.1538891544779657,1.2971198429578543,-0.2523618611493207,1.4356258638825088,-0.1913798562790383,1.4808088456727504,-0.1540801830928189,1.3376043800100674,0.0,0.0,0.6666666666666666,0.2,-0.012450981635006169,0.15830206622365983,0.7028781333333333,0.092,0.08
2025-08-20,PUMP,-0.038928198544573966,0.0039594818017127,0.0040973490492976,0.0037346189619988,0.003805346308002,82194796.9360302,21054958457.9095,-1.0529194288452324,-1.1118281528841472,-1.164733871783877,-1.2699870210505715,-0.900696109065187,0.34989643548484883,1.1790232159250456,-0.12536307777010958,1.347971884646123,-0.18980536717384078,1.4318549520233201,-0.13270900243734018,1.3424656533638455,0.0,0.0,0.3333333333333333,0.2,-0.03970615744865617,-0.038928198544573966,0.6969214666666667,0.12,0.08
2025-08-13,PYTH,0.1647117268740277,0.129085504363855,0.135413135858318,0.127628755886054,0.134243437907807,33310675.560513,252554386.676289,0.5360356347894459,0.5742601851355893,0.4192533536015972,0.16855409491332196,0.17868812443471427,-0.11491820745561787,0.9033387411617004,-0.07190520023276792,0.9355459345988446,0.11427669233047166,0.9745965076091215,0.27197849663219076,0.8924733677106301,-0.2856966603799366,0.9435081229939992,0.6666666666666666,0.2,0.03917984323390646,0.1647117268740277,0.7028781333333333,0.092,0.08
2025-08-20,PYTH,-0.028472557306532642,0.134243437907807,0.136542272836347,0.128956886777893,0.130421183928951,13872321.2580798,104835919.94363,-0.48434507386984293,-0.3455771101126146,-0.42813689584235703,-0.708281066727789,-0.7017932894422216,-0.007086905222636775,0.8511264745048159,-0.03078848709633375,0.9186056193776532,0.10152872467290464,0.978377942215718,0.34010397838188156,0.8982963645162703,-0.3423115430006446,0.9417600133285191,0.6666666666666666,0.2,-0.028885762809132833,-0.028472557306532642,0.6969214666666667,0.12,0.08
2025-08-13,QNT,0.05791572247994803,114.417064181641,118.023079867655,113.911250881774,115.229568228628,14758132.3613287,127238.294244199,0.24318693181593432,0.17261117558357242,0.05023853448886939,-0.11156732687234694,-0.0483405220486226,-0.1004866791319945,0.6149475052800516,-0.05020321401809358,0.6844376680788544,-0.011992010509241036,0.8107175804915604,0.11515681443993997,0.6941660193364698,0.14162328834813853,0.7387114253858729,0.6666666666666666,0.2,0.0070761537302918886,0.05791572247994803,0.7028781333333333,0.092,0.08
2025-08-20,QNT,-0.00450245934281901,115.229568228628,116.642016106791,114.149441854626,114.710751782588,6608324.18750827,57303.5396879558,-0.635011431357734,-0.6315761365092758,-0.6965175318599126,-0.9143263151126408,-0.8512743819203816,-0.044012955535310705,0.5866656307295605,0.006952191172223454,0.6830325886861232,0.0019443950929682874,0.8099871341792713,0.1731705378695927,0.694309485750216,0.2014419898416111,0.7317078138444714,0.6666666666666666,0.2,-0.00451262594082617,-0.00450245934281901,0.6969214666666667,0.12,0.08
2025-08-13,QUBIC,0.4674137784686494,2.85575494711564e-06,3.34054548658286e-06,2.72339552421e-06,3.29867669078648e-06,11253240.0201991,3718649035173.35,0.6751909786326884,0.49883728754290146,0.4263642043111098,0.4214037352392914,0.6687181065790497,0.062026217717627175,1.4536106005571363,0.3773491413936556,1.4023149053924975,0.642216457030448,1.3980031359786378,0.45060505493697045,1.1928370047171117,0.38866580515376214,1.0530918097013091,1.0,0.4,0.14418514729193235,0.4674137784686494,0.7028781333333333,0.092,0.08
2025-08-20,QUBIC,-0.029895427011856546,3.29867669078648e-06,3.38803881415366e-06,2.9268948749713e-06,3.20006134254136e-06,5370184.70707596,1699459239276.07,-0.1574145132510516,-0.23940150214276557,-0.3355239171822735,-0.3456387184916814,-0.10541856026259744,0.10038760435063021,1.4690242046639062,0.4439302728286221,1.413333628949533,0.7192152015409521,1.41086612332894,0.6156980397819458,1.1974138518607467,0.5924025915069371,1.0553161033991634,0.6666666666666666,0.4,-0.030351406091215966,-0.029895427011856546,0.6969214666666667,0.12,0.08
2025-08-13,RAY,0.4073183814254606,3.27792888252679,3.80827889062643,3.2745516193356,3.75350666821905,311149854.545173,86553092.052711,0.9689244099501693,1.3777932696697484,1.3551257321545194,1.3295220540367083,1.4882417952346891,-0.15375489188122182,1.3372320563887306,-0.10616351842375749,1.1407890157149014,0.07120770432144452,1.1465197552825692,0.34125627301973793,1.0225833907264597,-0.014221224548445321,1.027916408792488,0.6666666666666666,0.6,0.13547872986206094,0.4073183814254606,0.7028781333333333,0.092,0.08
2025-08-20,RAY,0.003159341964714457,3.75350666821905,4.09127242060582,3.68019963260071,3.76536527935079,226913489.76778,57808867.558233,0.36672311303761873,0.8426697550413742,0.9248775326863203,0.9102880827145654,1.081975439487703,-0.06539877106175562,1.2754643513539654,-0.028280352829687994,1.123624891798479,0.05183945209859009,1.1413299265771886,0.4834175839504895,1.0230256564265074,0.04461584040245259,1.0264890531468247,1.0,0.6,0.0031543617306407715,0.003159341964714457,0.6969214666666667,0.12,0.08
2025-08-13,RENDER,0.16151654924719683,4.05149650167247,4.26643318340818,4.00841220042793,4.17481249007595,94231917.3685695,22676704.3468535,0.5184132498854872,0.5128064213790857,0.4344053991174519,0.30050143455478917,0.3520049805026737,-0.13491893144576816,0.8350914303996937,-0.10688317656706736,0.7827321538193716,0.07100191581413462,0.8279475966126224,0.16049386246180442,0.7728095698139414,-0.23762242584628068,0.8485716318808462,0.6666666666666666,0.2,0.02998312528406437,0.16151654924719683,0.7028781333333333,0.092,0.08
2025-08-20,RENDER,-0.03636500953139998,4.17481249007595,4.2084914662559,3.97729661045454,4.02299539408253,44285318.4217712,10790712.5009625,-0.37325522995648086,-0.27277667205476774,-0.314830376127194,-0.4531063212057944,-0.41521400644085915,-0.0634306634203341,0.8318162063709916,-0.08821255890515056,0.791497209131689,0.03561296661169844,0.8298040325931536,0.27301245832309706,0.7828863249404033,-0.23768220534834306,0.8498628766522935,0.6666666666666666,0.2,-0.03704269666677945,-0.03636500953139998,0.6969214666666667,0.12,0.08
2025-08-13,RNDR,0.1605683086213876,4.03950230490044,4.24478085080162,4.01309623750169,4.16199173339275,1060761.9711303,256957.739325442,0.3121886472071118,0.47465678321981386,0.45212787231314877,0.3655626803812062,0.47649398187995473,-0.1345447045347632,0.8050725720535558,-0.11428687141043659,0.7471814689874942,0.07839909685241842,0.790097946201953,0.1610497527980288,0.7406653369403392,-0.2392504573947959,0.8469022727092912,0.6666666666666666,0.0,0.029872249231182726,0.1605683086213876,0.7028781333333333,0.092,0.08
2025-08-20,RNDR,-0.03640316121990539,4.16199173339275,4.25575439789727,3.93466973291777,4.01048207732614,789406.880928425,195368.83504029,-0.10117686953549487,0.12600400357774966,0.14169796088481945,0.06445476024794061,0.1645587197243099,-0.07095789042562617,0.8003872444180287,-0.08972813718513639,0.7597135230117682,0.048236766243127116,0.7962020887848053,0.2815693071040486,0.7509584313748519,-0.24016026853643413,0.8479665895989266,0.6666666666666666,0.0,-0.03708228888182217,-0.03640316121990539,0.6969214666666667,0.12,0.08
2025-08-13,RONIN,0.17364941745126927,0.579634464389689,0.599944301973225,0.576100354650497,0.597246822926293,7578268.22409393,12854986.9242463,0.5886973696010607,0.6894776045314774,0.36802690068366317,0.2699451554677381,-0.04984678550036037,-0.09761647207645319,0.7327446036499471,-0.08790816295872084,0.6272346269490354,0.0064032671393285945,0.5995681951813915,0.16527028900033014,0.6096216217358541,-0.12899661416772235,0.7185574988498391,0.6666666666666666,0.6,0.029932795639091254,0.17364941745126927,0.7028781333333333,0.092,0.08
2025-08-20,RONIN,-0.012554099258062279,0.597246822926293,0.604623621843369,0.585395056821008,0.589748927029714,2836283.51236627,4768669.27349951,-0.548167495628233,-0.34635150189212105,-0.5838565373970326,-0.7188465387535548,-1.0473758526602825,-0.040234323021458795,0.6901635133280368,-0.03998362830987234,0.629780780322134,0.022402389629398112,0.6018787336660597,0.24589010547664136,0.5771204089515539,-0.1323574451300179,0.7181285143963196,0.6666666666666666,0.4,-0.012633567766358721,-0.012554099258062279,0.6969214666666667,0.12,0.08
2025-08-13,RSR,0.2730024947711458,0.0096833229897367,0.0098798283644492,0.0094768795533003,0.0096792021800837,23526143.4894808,2436589590.10288,-0.01551796681902573,0.21713653503750763,0.24544885461438426,0.03497692107223571,0.17785579491447834,-0.1293087517794672,0.9049557067065426,-0.12296146418411213,0.8578827968290827,0.01476877941115795,0.9931557520236823,0.1844595179386146,0.9139671089672887,-0.24614069204276912,0.9510746117811854,0.3333333333333333,0.2,-0.0004256479647231162,0.2730024947711458,0.7028781333333333,0.092,0.08
2025-08-20,RSR,-0.0215643033468379,0.0096792021800837,0.010127706183768,0.0093498051459524,0.009470476928117,17009957.1767592,1737942871.92272,-0.4126644053333415,-0.12431132203080608,-0.06536312554987944,-0.2941386264641608,-0.15666026448260695,-0.054305444258744395,0.8233147114899556,-0.14255848272318672,0.8627794368578569,0.0072905419003970184,0.9370139576115738,0.3074051110693721,0.9145891553798248,-0.21195486423160848,0.9518303128289874,0.3333333333333333,0.0,-0.021800210551542926,-0.0215643033468379,0.6969214666666667,0.12,0.08
2025-08-13,RUNE,0.1525182210745255,1.4639448746785,1.50980198579381,1.45237901772267,1.49940596534596,43321662.9598308,29189364.0045904,0.3831373984003399,0.34562137396124726,0.20356296574993493,0.034995805296354376,0.13256090018260025,-0.13580914994690674,0.6896373095553344,-0.193229616140286,0.653246416984373,-0.07643431868605122,0.6945218992924831,-0.02611217191290227,0.67686542721582,-0.060984587793684986,0.8346411228921149,0.6666666666666666,0.2,0.02393424564554747,0.1525182210745255,0.7028781333333333,0.092,0.08
2025-08-20,RUNE,-0.03235890189389434,1.49940596534596,1.51670918582657,1.44042487455294,1.45088683481421,19456734.2592845,13146436.4425331,-0.4954984801198741,-0.44974214539657,-0.5493297668463981,-0.7607918165956455,-0.6797324295237921,-0.0645050238995214,0.6606299530335942,-0.17730615840493458,0.6511918466469767,-0.10331169579015709,0.6950635563181632,0.03893338417226011,0.6841116635259131,-0.09469463797458022,0.8281245274134492,0.6666666666666666,0.2,-0.032894026875735415,-0.03235890189389434,0.6969214666666667,0.12,0.08
2025-08-13,RYO,0.10797952660077459,7.73692679072925,7.87516684938586,7.58238463555456,7.76081115054098,2298351.05985451,297854.0804,0.2677180874975029,0.4265578092815474,0.4761232423892814,0.5578124838195428,0.6632535410042557,0.025739417715589852,0.9009414538141338,0.19515200740960026,0.7927854127688215,0.6995323598246894,0.8036651229648676,0.6914892204247445,0.8394472129270449,0.339535966018746,0.8383537632592168,0.6666666666666666,0.4,0.0030823051482602513,0.10797952660077459,0.7028781333333333,0.092,0.08
2025-08-20,RYO,-0.01920540508651858,7.76081115054098,7.92234891582927,7.57982754769978,7.61176162859487,854664.870669047,109499.1705,-0.8013177293740608,-0.6147717645704809,-0.5491661335750049,-0.46763504810838263,-0.35292066841004655,0.048273700682670784,0.8692456007683727,0.13501778727614022,0.799787572779662,0.6814084977152819,0.7643277188464938,0.7458160479708407,0.8452566835085681,0.3200619395282005,0.8395274156536232,0.6666666666666666,0.4,-0.019392224711091473,-0.01920540508651858,0.6969214666666667,0.12,0.08
2025-08-13,S,0.17763917452619915,0.315622277403911,0.332897176063501,0.311564717954129,0.32875273381001,119765324.024223,369986617.033549,0.36141994727794824,0.2534106617009648,0.32216838429136274,0.23214921306055913,0.3087823006945847,-0.1885039672492156,0.8703237412316883,-0.2621126236015564,0.807416094256369,-0.1337052989577997,0.8048308084149077,-0.10485996698505906,0.7937484595784078,-0.4984944947902402,0.9141343578956155,0.6666666666666666,0.0,0.040759725283886945,0.17763917452619915,0.7028781333333333,0.092,0.08
2025-08-20,S,-0.0274415576201007,0.32875273381001,0.336157115138209,0.315938631357618,0.319731246722397,53658324.3068779,164526047.839322,-0.5141605626077812,-0.5761881233081461,-0.4831516569985972,-0.5694787199084779,-0.5071892274457213,-0.07132251314499805,0.866700997200317,-0.19863941324073842,0.7898552808722019,-0.1182725614040171,0.808278153037197,0.006492734342272266,0.7949196335817901,-0.47350571824067633,0.9134875622519718,0.6666666666666666,0.0,-0.027825110302983024,-0.0274415576201007,0.6969214666666667,0.12,0.08
2025-08-13,SAFE,0.12556823087335833,0.451403614870017,0.473913667768636,0.451401479864847,0.471804571108382,12484303.5198379,26850546.6681249,0.4470310772982149,0.5883049570414212,0.554330694128959,0.4192024061581012,0.062455188749634516,-0.1617066593567319,0.8374780450151861,-0.15038746364557098,0.754658358107767,-0.037355179082043555,0.7586351984692611,0.06207988657443919,0.7098154679398735,-0.22626498371588444,0.7564631948229262,0.6666666666666666,0.2,0.04420298310199036,0.12556823087335833,0.7028781333333333,0.092,0.08
2025-08-20,SAFE,-0.030849460568128872,0.471804571108382,0.473329802533227,0.453915387927987,0.457249654596111,3136826.49535495,6742540.04838595,-1.0478296897569184,-0.8517382926615955,-0.8378445925230018,-0.9722970989441517,-1.331980493620561,-0.10164185767299061,0.7747668128458959,-0.08529520417436176,0.7638771661350078,0.0004235432365677916,0.765389688075386,0.1473266367001993,0.7169630980253922,-0.17652316021164483,0.7584919472322124,0.6666666666666666,0.4,-0.031335323706931775,-0.030849460568128872,0.6969214666666667,0.12,0.08
2025-08-13,SAND,0.15445816069732388,0.300349494838662,0.313392287154919,0.298426342058014,0.311201119998273,53171252.2083417,173894082.538367,0.4580425168132791,0.5302514748394636,0.37201590630076,0.1577299416647051,0.13628416915001296,-0.1097460800598894,0.7545451283942123,-0.13999838567518785,0.7235326600080323,0.011463636255126586,0.7744941168540331,0.09194452146315046,0.7573122032117094,-0.14183470054011382,0.7428177632684535,0.6666666666666666,0.4,0.035492611878076605,0.15445816069732388,0.7028781333333333,0.092,0.08
2025-08-20,SAND,-0.018713605404486633,0.311201119998273,0.315900233636043,0.30305030848056,0.305377425037191,21349445.0407309,68912461.2470458,-0.5851931333331315,-0.4061712928568859,-0.5006967977855581,-0.746353135256534,-0.782205204020034,-0.04080753827722383,0.7171045856155673,-0.11350833918547842,0.7237542787155912,-0.002168254107447698,0.7709700379067117,0.1974169809940396,0.7596093565266111,-0.14548240613023167,0.743327102545475,0.6666666666666666,0.4,-0.01889092053969296,-0.018713605404486633,0.6969214666666667,0.12,0.08
2025-08-13,SAROS,0.005364484183532081,0.367251123585995,0.388813105439957,0.364967523732103,0.380258526107246,4194835.42557479,11017948.0165451,-0.059943782077718666,-0.18902993809269653,-0.42977809936813927,-0.43941777073786703,-0.36478806149647447,-0.0530706832699096,0.5483888092337919,0.41565899172353515,0.6507500182130378,0.6165553444459859,0.9640887246230416,0.6526522399494887,0.8099897194152449,1.407858148256817,0.8137387373184551,0.3333333333333333,0.4,0.034805478753367466,0.005364484183532081,0.7028781333333333,0.092,0.08
2025-08-20,SAROS,0.018437284273703947,0.380258526107246,0.391569687128722,0.37962069981274,0.387269460650585,1750050.14839898,4525045.18618693,-0.905126400186127,-1.0693206117788367,-1.2096481714543579,-1.3073232065586051,-1.24722584506444,0.058215283681365415,0.5382442964578169,0.44711189542385665,0.491618082797847,0.6145785722130903,0.9599238167093798,0.691319728639602,0.8006450723323196,1.4468965797317197,0.8137112626379761,0.6666666666666666,0.4,0.018269378228872046,0.018437284273703947,0.6969214666666667,0.12,0.08
2025-08-13,SEI,0.2236584850163177,0.32366023960313,0.361584204366321,0.31893182562376,0.356812005964543,290784590.327976,843227269.598473,0.7245647631790106,0.6930770334942444,0.6275688891141336,0.4476523558606331,0.3296914211416748,-0.11315615014147484,1.0546580856833523,-0.18081170258256174,0.958671284086579,0.10487779880016235,0.8691782686779409,0.03859460050816055,0.9584132670086942,0.11056319656574298,1.0206263018629131,0.6666666666666666,0.2,0.0975147267623543,0.2236584850163177,0.7028781333333333,0.092,0.08
2025-08-20,SEI,-0.023115872589499098,0.356812005964543,0.362968175306876,0.339208913690018,0.348563985096263,117970364.676947,335510364.607813,-0.3503346260278235,-0.2542131561773857,-0.29232094026961875,-0.4296694920456403,-0.5763336017528609,-0.03140070589804389,0.9956863808625784,-0.1093039552936107,0.9540539806596726,0.012972910926362546,0.8679136415335713,0.2016312906321085,0.9540166881696617,0.10757463617221052,1.0189020118128564,0.6666666666666666,0.2,-0.023387234371606197,-0.023115872589499098,0.6969214666666667,0.12,0.08
2025-08-13,SHIB,0.12591331170487652,1.35231265741097e-05,1.40001333473691e-05,1.33851868562459e-05,1.38938753647594e-05,226837259.21347,16486122601361.9,0.39455045677600964,0.4835116102557855,0.3708949903173533,0.11844848532422603,0.22432689931723715,-0.10862909955866351,0.6296981414804239,-0.13851973322117517,0.6089876684723334,-0.002732799152234011,0.6746211178455724,0.0602380729277574,0.6442414330289307,-0.14201632336230208,0.6416739368345554,0.6666666666666666,0.0,0.027046822433374407,0.12591331170487652,0.7028781333333333,0.092,0.08
2025-08-20,SHIB,-0.017340985061015113,1.38938753647594e-05,1.41545483354248e-05,1.35758594538009e-05,1.36529418796195e-05,108596144.424206,7828086878473.15,-0.4662567028315685,-0.2817475826262381,-0.332767243911249,-0.6082145982438618,-0.5282724114417299,-0.052564513267700175,0.6079926088406503,-0.10600939524600539,0.6083319735643024,-0.032132252437937714,0.6767236689092239,0.1459851010374389,0.6471813859529575,-0.14388904268871006,0.6418016483134962,0.6666666666666666,0.0,-0.01749310106843415,-0.017340985061015113,0.6969214666666667,0.12,0.08
2025-08-13,SKY,0.01502862857595022,0.0835491307185213,0.0849110044543057,0.0808429729276669,0.0817201248149456,2978188.3685461,36079469.8212541,0.25549085171104124,0.43837352223035,0.21626342595501313,0.1571641060718303,0.34397659039860073,-0.037994966412037035,0.7588594804006661,0.007568312615287898,0.822984618691199,-0.005934915923678785,0.7751666574046779,0.013611932916867353,0.6980444031839105,0.13248295747581573,0.8068037218457609,0.0,0.0,-0.022134553363706466,0.01502862857595022,0.7028781333333333,0.092,0.08
2025-08-20,SKY,-0.02623946840105218,0.0817201248149456,0.0833862435444467,0.0793702911229763,0.0795758321821338,1120933.03654391,13684492.7109531,-0.8000331887243419,-0.5704701122706997,-0.7598243736044914,-0.8334342665698458,-0.6507933127554733,-0.003992867446393489,0.7434054022187232,0.0582675426725241,0.8297985547616058,-0.0041070262095896926,0.7786526140063823,0.08850459039423342,0.6990927353196276,0.14090803103525906,0.8086900943954823,0.0,0.0,-0.026589866349686405,-0.02623946840105218,0.6969214666666667,0.12,0.08
2025-08-13,SNEK,0.44497237336856266,0.0048314934549562,0.005277721872942,0.0047279395879594,0.0052244639274252,2753821.3848854,551616059.992745,0.5751608374913424,0.7714569780999021,0.7806309931307176,0.7220627100458792,0.8165873958245733,-0.0057178413217184865,1.1814268390756804,0.09675950534824573,1.0380306882313974,0.6611008667553591,1.0960165810789766,0.7949746583919417,1.1831793173814804,-0.0356585190068075,1.1928990008782474,0.6666666666666666,0.6,0.07819657116992863,0.44497237336856266,0.7028781333333333,0.092,0.08
2025-08-20,SNEK,0.07016448846355794,0.0052244639274252,0.0058777939485751,0.0052220677601614,0.0055910357663893,1732772.35418377,310458797.567739,-0.06401605488944284,0.22400225089212178,0.28091744442901145,0.21728188903122003,0.31378448196907094,0.10198013210255152,1.1515762765189497,0.07701412926075446,1.0545348686829716,0.5828391063623115,1.0474308899416727,1.0282441474517396,1.1898644336898088,0.11644133474759633,1.1953133202331576,1.0,0.4,0.06781236419498343,0.07016448846355794,0.6969214666666667,0.12,0.08
2025-08-13,SOL,0.19761050147098502,191.636709694634,204.606699320501,191.388992430889,201.387375770045,8681164171.26978,43701070.9993976,0.6571583814002082,0.7114172896737543,0.6318837980369167,0.544207368202585,0.6698967096898087,-0.11209519049255312,0.8062114296312117,-0.03141332198450553,0.7105445338326513,0.07076100694475951,0.7598013667373635,0.17047635413505668,0.6741364524699012,0.023085140549278682,0.6562603972572508,0.6666666666666666,0.4,0.049628853278511464,0.19761050147098502,0.7028781333333333,0.092,0.08
2025-08-20,SOL,0.013428369657231931,201.387375770045,209.619464728079,200.634439866806,204.091679896185,4084607940.9737,19884945.5960926,-0.26611517889293523,-0.10750055218475651,-0.12774529844108073,-0.2282458090526447,-0.11506345773073434,-0.04086581162830316,0.7751823849204925,-0.002436025958236998,0.6916101682575876,0.06808512632322938,0.7599123094672747,0.26023362125800387,0.6741431708486151,0.014843478299383372,0.6562140436996712,1.0,0.4,0.013339008198355705,0.013428369657231931,0.6969214666666667,0.12,0.08
2025-08-13,SOLV,0.021993865313936434,0.0418157737304758,0.0430139479361043,0.0416427295850111,0.0427081962278979,17154721.9197041,404378686.740611,0.11029490526383157,0.2606315995037072,0.3798656590257288,0.4244211594150933,0.3817085065869428,0.012920354678831458,0.6188456931564691,-0.021851157545266675,0.6208918412933269,-0.008892612028898905,0.5582620587462866,-0.07043622611264777,0.554674420195695,0.13177511135135989,0.768018164367923,0.3333333333333333,0.2,0.021117220625106008,0.021993865313936434,0.7028781333333333,0.092,0.08
2025-08-20,SOLV,-0.024751022448946114,0.0427081962278979,0.043017375899601,0.0414048187717303,0.0416511247043072,5041551.59120819,119399527.240626,-1.191585646898364,-0.9744563717165953,-0.8724828476973236,-0.8210589657143927,-0.8641323263149268,0.06628715124463369,0.6008329596396793,0.05827375345169061,0.6307279061121217,0.026730484341608518,0.5553678648079168,-0.041712982729260606,0.5463329345615505,0.05684153151286897,0.7693678440276273,0.3333333333333333,0.0,-0.025062478992686803,-0.024751022448946114,0.6969214666666667,0.12,0.08
2025-08-13,SPX,0.02333287882919244,1.79406427672606,1.84680709051833,1.66520486333762,1.72995212540159,57512596.7690678,32690141.0443434,0.09124017060114653,-0.10514839878664972,-0.14704053427759334,-0.24326224300834198,-0.1739474584373113,-0.08989180402813512,1.233189215151254,-0.06250974229512607,1.280175865140501,0.12747717402521297,1.156846736428927,0.31771657921623864,1.1372590087935177,1.8791391437085543,1.3379236852571474,0.3333333333333333,0.4,-0.03638985676759132,0.02333287882919244,0.7028781333333333,0.092,0.08
2025-08-20,SPX,-0.012324226233943025,1.72995212540159,1.78197432549817,1.67277974401897,1.70863180403425,20438791.5329858,11834338.1303182,-0.962157872827003,-1.102961488494806,-1.1681199039888526,-1.2356102719732327,-1.2021470152652647,0.043265320342160685,1.0829198698348843,0.01996115649560548,1.2557570505188738,0.14048755695355863,1.157200098409739,0.5549811753312526,1.136365627485466,1.8688650702978662,1.3346667916377366,0.3333333333333333,0.2,-0.012400799296320627,-0.012324226233943025,0.6969214666666667,0.12,0.08
2025-08-13,STRK,0.28093344278157084,0.139448712109937,0.152300726921791,0.136674510560355,0.150263189772633,58080664.7021701,396935688.587874,0.884793164794111,1.0011224345692575,0.9231257116706786,0.7541308217877862,0.8194558996527626,-0.10984602986860492,1.0105254465299045,-0.17763246124914422,0.9440783452680646,-0.027961918485532533,0.9516058432246252,0.07368560209666342,0.9476972500082532,-0.14657502777884512,1.0008608494610185,0.6666666666666666,0.2,0.0746914765369624,0.28093344278157084,0.7028781333333333,0.092,0.08
2025-08-20,STRK,-0.04124203727859821,0.150263189772633,0.150966441570019,0.141891400429213,0.144066029698429,18764148.6245358,128001923.352063,-0.47315615371518405,-0.2395402631737653,-0.24143844254831492,-0.4009501561729749,-0.3467729339387624,-0.003455265967730825,0.9684448467454128,-0.09615544633983863,0.9470746492973721,-0.07409263910485964,0.9616627129369786,0.16500175324409172,0.9568843981970748,-0.1978367163992052,1.0033170826276656,0.6666666666666666,0.2,-0.04211662101948674,-0.04124203727859821,0.6969214666666667,0.12,0.08
2025-08-13,STX,0.14298770455548193,0.749368795693743,0.795271434160843,0.737185302841501,0.792013286554138,43186668.9859042,56826723.0654296,0.32375325320724,0.4858037152665844,0.3133339690251411,0.1982685293814228,0.28971961261256496,-0.12874779063141772,0.7668764513056483,-0.1333129673457335,0.7981585702519198,0.014465335264771673,0.8312947548539886,0.03393686582889899,0.770834083164093,-0.2959517975175533,0.836028415808741,0.6666666666666666,0.2,0.05534692118616633,0.14298770455548193,0.7028781333333333,0.092,0.08
2025-08-20,STX,-0.032675043147991634,0.792013286554138,0.805976804551588,0.759827823217347,0.766134218242199,26327844.2285235,33417639.1367051,-0.2927354090779808,-0.054122261026741114,-0.15038511913165564,-0.2936967416503222,-0.21909859524604158,-0.047976826581338505,0.7152112283688964,-0.11312468063074976,0.8038565336392732,0.0085005421378197,0.8244124938319196,0.12973860838513174,0.7784200910104416,-0.23395804035866008,0.838376486435158,0.6666666666666666,0.2,-0.033220793597146636,-0.032675043147991634,0.6969214666666667,0.12,0.08
2025-08-13,SUI,0.14373915551675576,3.88014421429272,4.06851493530141,3.81379859559477,4.00293068470841,1696056821.41532,428603163.06373,0.42457798757556375,0.4121982915542688,0.2904727732322385,0.2556049431398506,0.3518049282263256,-0.05852681219505451,0.8399105080028817,-0.11186986479355487,0.8963892110052402,0.13931603170988272,0.8574865047380109,0.2798576435262037,0.9137047974439361,-0.13230913074297634,0.8995094705625618,0.6666666666666666,0.0,0.031154442447905314,0.14373915551675576,0.7028781333333333,0.092,0.08
2025-08-20,SUI,-0.01121581081042633,4.00293068470841,4.17728614382923,3.94304718747895,3.95803457146147,900154774.586961,222188734.447412,-0.32902653962123196,-0.24861479280543008,-0.35129197042364524,-0.38685637933804884,-0.29996728472272594,0.01889645317350208,0.8114619606281666,-0.053964373913859554,0.8984434513919913,0.08706746314039138,0.8564735324383008,0.45510928062212663,0.909471434430752,-0.041150261617814876,0.8991224356420909,0.6666666666666666,0.0,-0.011279182303826315,-0.01121581081042633,0.6969214666666667,0.12,0.08
2025-08-13,SUN,0.09716956316191538,0.0229653106528743,0.0242377248962733,0.0228311996647783,0.0242072999108122,22948318.7506599,970069209.51104,0.07692876348542299,-0.12104550586606067,-0.4457091836078355,-0.4540446200179673,-0.3215902615880992,0.19276973250528595,0.400127037220076,0.16140642498497715,0.5686198531435468,0.26079848457957433,0.524849966647372,0.3307233569276524,0.4461263723222615,0.1779983954437312,0.4223067744958723,1.0,0.4,0.05266939196489063,0.09716956316191538,0.7028781333333333,0.092,0.08
2025-08-20,SUN,0.04797352136146338,0.0242072999108122,0.0255082330844269,0.0241676240858027,0.0253686093301869,24085636.7889291,967747703.405997,0.1133529237098223,0.03949010665937536,-0.37136889813431395,-0.377868590285793,-0.2721209615435427,0.20113357758044348,0.40875574602438847,0.18831160845627992,0.586087635298162,0.265496741452649,0.5413006149524486,0.37557284410930913,0.46042676832718765,0.18354582771909644,0.43086640083904826,1.0,0.6,0.046858319703196545,0.04797352136146338,0.6969214666666667,0.12,0.08
2025-08-13,SUPER,0.22623185118691413,0.787911643754722,0.84082196491527,0.779833164365675,0.835348686624787,14137835.8203909,17381859.2796548,0.3756197401528709,0.3979494771670282,0.24750962313940406,0.06623688732889832,0.07769354134585882,-0.13011498999260118,0.9871570900474805,-0.19958174269752238,0.8652373564200967,-0.02981752625079892,0.8440436190715092,0.16546802496131185,0.8475853697577984,-0.07027122130308039,1.0172793968831417,0.6666666666666666,0.4,0.05846327010079637,0.22623185118691413,0.7028781333333333,0.092,0.08
2025-08-20,SUPER,-0.04347412279054075,0.835348686624787,0.83795368969282,0.79433703571779,0.799032635249544,8198628.79094867,10038670.2396594,-0.2751624491928961,-0.15705094087445737,-0.2912723703585609,-0.4440304639255981,-0.4607644958361572,-0.07548966466740115,0.9665130367086012,-0.1622849077255918,0.8876671443633525,-0.05185526231105231,0.855616066075646,0.24065302308713377,0.8557107151573758,-0.09597018747831387,1.0184729619087896,0.6666666666666666,0.4,-0.04444743640666612,-0.04347412279054075,0.6969214666666667,0.12,0.08
2025-08-13,SYRUP,-0.009088282302119666,0.468471363877158,0.473176158888457,0.446100567128684,0.470312471324251,60780752.7750313,132235639.633695,-0.11299149060970848,-0.13834621646901013,-0.4338030198276037,-0.3702256870537006,-0.3302052924263883,0.046842957345857084,0.8355537900951993,-0.03397335889477049,1.1550679895076998,-0.113192592888255,1.0874632481752298,-0.1973551979939948,1.0813475438653581,1.0885804225476838,1.2059948408848058,0.3333333333333333,0.0,0.003922329589537285,-0.009088282302119666,0.7028781333333333,0.092,0.08
2025-08-20,SYRUP,-0.048076116308047645,0.470312471324251,0.470372383169394,0.447270840736688,0.447701674251741,21140580.2593028,46294659.0609185,-1.0699832568679426,-1.178446743970678,-1.4796294817985647,-1.410553760181699,-1.3728833923973554,0.011126093880632126,0.7345976834490202,0.12204064919943458,1.1138616596641875,-0.012036200509165762,1.0400401560224937,-0.17878871337463875,1.0804326929342751,1.0357510860195513,1.2088982910879689,0.3333333333333333,0.2,-0.04927020149236365,-0.048076116308047645,0.6969214666666667,0.12,0.08
2025-08-13,TAO,0.12681455351298854,391.996924266557,404.332282301435,385.345049255979,390.204060636252,150963824.94205,383074.75782124,0.37339199994105954,0.32956653684007975,0.2533118983806837,0.10539293361675917,0.15757745289269565,-0.18450582148363526,0.902644165067455,-0.19830643541861015,0.8237409309317855,-0.0035802147978792886,0.8090575050975526,0.07074537917649693,0.8027152645082746,-0.18143080373736153,0.9068693334524405,0.3333333333333333,0.6,-0.004584158814901539,0.12681455351298854,0.7028781333333333,0.092,0.08
2025-08-20,TAO,-0.0184769641566338,390.204060636252,401.995151922097,378.955921610046,382.994274194103,73128713.5250851,187760.87170791,-0.47645302058731787,-0.3911079996925899,-0.46030757367256214,-0.6123721804765623,-0.5725388721485345,-0.10841442835949189,0.8552170219830035,-0.12146946593597252,0.8231101763345606,-0.012256667361819296,0.8078680974200438,0.16009803284599444,0.8051492354788679,-0.138308483285713,0.9061961199242257,0.3333333333333333,0.4,-0.018649795501949003,-0.0184769641566338,0.6969214666666667,0.12,0.08
2025-08-13,TEL,0.22821505977365786,0.0064196735099271,0.0065787714781186,0.0063463489635263,0.0065183078869292,1471709.92286975,227779169.118649,0.11094346397517896,0.11894858148702525,-0.03854269486927109,-0.2705231584728871,-0.23665974763686037,-0.16134866830848027,0.8050898196030194,-0.1544184925988753,0.8798055361727134,0.26656029701362227,0.8433226952942398,0.25214234476668684,0.9701044038258873,-0.19812265502647652,0.9747301038153626,0.6666666666666666,0.2,0.015247554453958173,0.22821505977365786,0.7028781333333333,0.092,0.08
2025-08-20,TEL,-0.006354246195083069,0.0065183078869292,0.0066357767329041,0.0064581189946239,0.0064768889538403,566539.453053904,86690458.7531641,-0.9120387558274121,-0.8213366049384199,-0.9285014916236101,-1.2029694774387778,-1.201385608812556,-0.07283764650164326,0.7428274373176347,-0.12414856726767165,0.8549826190432221,0.21110447776166796,0.8413560753382423,0.38872518515679766,0.9691548165471797,-0.19339263482363067,0.9727037395682148,0.6666666666666666,0.2,-0.006374520347707482,-0.006354246195083069,0.6969214666666667,0.12,0.08
2025-08-13,THETA,0.1892794989328075,0.885849885178025,0.923583822035655,0.875752118542674,0.914959998263918,42963570.949907,47664017.7992665,0.20897528855929437,0.249385283605271,0.17193291662825771,0.0746919474416714,0.23473852337276568,-0.1404218756413268,0.8101370599454967,-0.0931379335262118,0.7928256182484695,0.043875566148265044,0.7994658762335523,0.14272579989557088,0.7424347886931435,-0.07873746100960655,0.8366846414209583,0.6666666666666666,0.2,0.03233284014693591,0.1892794989328075,0.7028781333333333,0.092,0.08
2025-08-20,THETA,-0.026521855391108073,0.914959998263918,0.928102514540542,0.878746918988361,0.890693561501314,15607123.4038381,17266772.3152827,-0.8815216016676679,-0.7906071772302425,-0.797940832996737,-0.9360193278441464,-0.7939590446012872,-0.05467712087840981,0.7694047612617572,-0.058975009829606795,0.7838037682001341,0.028233555618890627,0.8037389710414153,0.24728614232808588,0.7486696449708549,-0.09148036865263376,0.8371848168098248,0.6666666666666666,0.0,-0.026879904746607956,-0.026521855391108073,0.6969214666666667,0.12,0.08
2025-08-13,TIA,0.20655807512517543,1.87126739477502,2.02315848164118,1.84968185392306,2.00202628658915,126678089.06232,65158725.4929046,0.3876098518712965,0.3940276088842509,0.308430756581199,0.18414704964277817,0.17495497176338048,-0.13951699241285775,0.9017425367955216,-0.15057631780670444,0.9695579892858806,0.002910717518093575,0.9978376597346929,0.06866798969134136,0.9829252743763491,-0.348200205269497,1.0338779569410268,0.6666666666666666,0.4,0.06754385845779037,0.20655807512517543,0.7028781333333333,0.092,0.08
2025-08-20,TIA,-0.03523801706944696,2.00202628658915,2.03571530577442,1.91147846311623,1.93147885012884,42359982.5721307,21502217.2394825,-0.8034243675027319,-0.7077836983454127,-0.7781874938599991,-0.9155993660306692,-0.9266929333798863,-0.05354874009788735,0.858786745902882,-0.09001865924122565,0.9529050157593808,-0.04125588608301656,1.00130388297657,0.2328577195518453,0.9831951925863239,-0.39094577775039585,1.034740199105658,0.6666666666666666,0.4,-0.035873857879117295,-0.03523801706944696,0.6969214666666667,0.12,0.08
2025-08-13,TON,0.06730630122002257,3.50126669261721,3.54081815605129,3.37361870975159,3.53201184878063,348909788.354017,100401262.893815,0.5081023395114386,0.26698759811388584,0.3707754089116655,0.3557987072846558,0.43277247598985014,0.034479012208901594,0.5536414207808005,0.0482981851694273,0.5824084774629624,0.16640069583363104,0.539197378743427,0.166937919693106,0.5030971100356748,0.030032806231282017,0.5600871854157485,1.0,0.0,0.008742822233190409,0.06730630122002257,0.7028781333333333,0.092,0.08
2025-08-20,TON,-0.004788939740541842,3.53201184878063,3.64261993406061,3.49808302423516,3.51509725687394,146979432.371986,41178881.4964802,-0.4575190352164107,-0.6050171479207833,-0.50605026424196,-0.5291276465441648,-0.45726508464708004,0.07218843349515747,0.5240602257054865,0.046542642495749575,0.5698321185348463,0.1372508516111246,0.5390699983938696,0.18860204015554283,0.5030045731812811,0.019222603245819814,0.5599478494028257,0.6666666666666666,0.0,-0.004800443454216692,-0.004788939740541842,0.6969214666666667,0.12,0.08
2025-08-13,TOSHI,0.14990528684975657,0.0007856924716236,0.0007991020609458,0.0007551823760578,0.0007761321542425,22081647.0200766,28534488727.4653,-0.24955725954875163,-0.056648874952763606,0.044658352862299466,-0.021762486293880556,0.09611691320509763,0.04574031050710814,1.2636558724064078,0.013621178137085632,1.1828273698715048,0.24089936688745262,1.1150714182087635,0.4921158602430107,1.12778283398224,0.29462234618788097,1.1479803485553306,0.6666666666666666,0.2,-0.012242650849298537,0.14990528684975657,0.7028781333333333,0.092,0.08
2025-08-20,TOSHI,0.007423809364944578,0.0007761321542425,0.0007941747324522,0.0007734936585129,0.0007818940113976,7596527.16255495,9708101305.97849,-1.285787583919216,-1.1462937865557912,-1.0273051133012316,-1.0518725518423224,-0.9831873850261736,0.05999319487386501,1.1425573563772988,-0.049597267879565865,1.1343246225873522,0.08351357672439064,1.1149696324499323,0.4812800367791432,1.126856835928756,0.09727916737306996,1.1478501076980392,0.6666666666666666,0.2,0.00739638851999096,0.007423809364944578,0.6969214666666667,0.12,0.08
2025-08-13,TRIBE,0.10414562386767434,0.634888017663412,0.647347031345664,0.605370024037811,0.619190146055672,66554.2597834838,104736.462158498,-0.06038569773376601,-0.22210323976933743,-0.34780504854692396,-0.3554165447663795,-0.39478003852010346,0.1210263175361721,0.5618297963253649,0.21772933052377375,0.5754218963267418,0.3974397210578946,0.5405434544207961,0.40795444645637247,0.5593683000556537,0.6791217243174865,0.669771068597938,0.3333333333333333,0.0,-0.02503622504870819,0.10414562386767434,0.7028781333333333,0.092,0.08
2025-08-20,TRIBE,0.01852649237090498,0.619190146055672,0.635847710436454,0.612988407341618,0.630661567572712,28479.5902325717,45538.3247201977,-0.8532829759034399,-1.0467757303155931,-1.1820320043684411,-1.1937157445084488,-1.238071289075176,0.17270245839457288,0.5653222597036991,0.26780136870385784,0.5763088768177841,0.40437816887427513,0.5412386469666942,0.5231973455663048,0.5547973597072543,0.6200244047582355,0.6701036387875475,0.6666666666666666,0.0,0.018356967510803228,0.01852649237090498,0.6969214666666667,0.12,0.08
2025-08-13,TRUMP,0.08543739939936135,9.20903211132338,9.69674104377187,9.09397796171899,9.61835865751523,546925230.206419,57827320.9392979,0.8255837480797155,0.9506052704290475,0.7686044425935208,0.500116560180917,0.6248160409023988,-0.12483444815131783,0.650280458870081,-0.09898718988798771,0.606108037210624,-0.020730507611695148,0.6842862231466094,-0.009864963003720417,0.655114519880132,-0.2630990819970761,0.7100531432666596,0.6666666666666666,0.2,0.04348887871560566,0.08543739939936135,0.7028781333333333,0.092,0.08
2025-08-20,TRUMP,-0.012876254133447507,9.61835865751523,10.1881455656205,9.43652858645804,9.49451022709442,359356846.508173,36677644.1887706,0.16909711924006032,0.42465021728069985,0.3573780748541999,0.09137876810500956,0.17415395989657867,-0.07444301254321162,0.6173786321106983,-0.0722629956483476,0.6057420828744298,-0.05458869499880925,0.6837172198772937,0.029341986047470403,0.6560732955294435,-0.3221102772051212,0.7101712139554613,0.6666666666666666,0.2,-0.012959871656218461,-0.012876254133447507,0.6969214666666667,0.12,0.08
2025-08-13,TRX,0.07293021922331167,0.352244345020715,0.362437840430165,0.351719577436871,0.361930102118212,958127598.289187,2677816660.61586,0.27322695701791133,0.11628442488842694,-0.030661657465373082,-0.040682579935747754,0.17739959979430608,0.08969640561679637,0.22270209966394477,0.0898695406888248,0.30832171656482804,0.16392131657509346,0.33236601622363915,0.23434394063206176,0.29742594483739115,0.31223831654739476,0.30694752361247424,1.0,0.6,0.02712600834086345,0.07293021922331167,0.7028781333333333,0.092,0.08
2025-08-20,TRX,0.018610601113291603,0.361930102118212,0.369186666975919,0.361308118575593,0.368665838879627,676817504.581795,1851681055.77125,-0.12608667569074328,-0.1809571216222956,-0.3580944781942712,-0.4039643461228657,-0.1893715993684566,0.07835727826971572,0.21345016271922732,0.07251921723394661,0.3106600136552906,0.1525278739250726,0.33184273243266227,0.24821396796873274,0.2996852514692156,0.30104276278238973,0.30796283442541333,1.0,0.8,0.01843954294738375,0.018610601113291603,0.6969214666666667,0.12,0.08
2025-08-13,TURBO,0.12807991380841477,0.0048971276290901,0.0050469398246736,0.0048344373256338,0.0049781177657817,33527672.3691779,6786367439.35875,0.27388766867994363,0.26721303853584644,0.18108675221131065,-0.1662657291521903,-0.4296382528155078,-0.14133165138262405,0.9019045580398632,-0.2581838827405022,0.839901570314452,-0.06134199152490494,0.8528473429185618,0.07055213352633105,1.0172576689082158,-0.30188942851029,1.0597352171937202,0.6666666666666666,0.0,0.016403025823407663,0.12807991380841477,0.7028781333333333,0.092,0.08
2025-08-20,TURBO,-0.03963384019608829,0.0049781177657817,0.0051190710075308,0.0047499126020419,0.0047808158417754,14814519.084421,2997892166.88099,-0.6451771230022167,-0.5849795264047373,-0.6000945008686145,-0.8841589448902845,-1.2459000893291083,-0.08759309410068483,0.9086565372065862,-0.19817725370246408,0.8442803614675657,-0.13365510283465187,0.8455418827985354,0.12990897529661183,1.0226283867451005,-0.2855129737101503,1.0618971947791738,0.6666666666666666,0.0,-0.04044065077861532,-0.03963384019608829,0.6969214666666667,0.12,0.08
2025-08-13,TWT,0.06929341757643948,0.797703419894296,0.83345307205819,0.761042264791967,0.813148577306811,10124508.4516592,12460245.0071884,1.2923954353935496,1.2792609880557961,1.1816617113431835,1.0290021008851582,1.1181987902870016,-0.04615962842191923,0.5147524200309889,-0.06417902254176566,0.5171944798592621,0.055815379317060154,0.48060161949889546,0.12451252216192765,0.46418427355599895,-0.07695585858946885,0.5146230785446573,0.6666666666666666,0.0,0.01917697066416487,0.06929341757643948,0.7028781333333333,0.092,0.08
2025-08-20,TWT,-0.015798828289854794,0.813148577306811,0.81739829847732,0.791289973348956,0.800301782559801,2191798.48037243,2724069.34450638,-0.5748236714489448,-0.3964070729115292,-0.42978970425439833,-0.5201792762605315,-0.46486723604199476,-0.013132972094991424,0.4757123120677906,-0.054036390684877866,0.5212030743163012,0.04349811302244522,0.4795828343595268,0.16075144298813115,0.46509004436601753,-0.09472118959283249,0.5155142904730043,0.6666666666666666,0.0,-0.01592496003060088,-0.015798828289854794,0.6969214666666667,0.12,0.08
2025-08-13,UNI,0.24994803140447086,11.5907387149794,12.2691132756494,11.1983098673353,12.1266002528561,646711488.064476,54644613.7700804,0.3991340160032131,0.5771621566277609,0.5863928380787868,0.4159907644391829,0.44717173607716987,-0.04631722874166244,0.8574204583416429,0.08983422842052757,0.7817505317765706,0.16939466589530872,0.8460421050330998,0.38958187898110763,0.8298934963443793,0.4116266539991016,0.945630526674691,1.0,0.0,0.045195015139740405,0.24994803140447086,0.7028781333333333,0.092,0.08
2025-08-20,UNI,-0.05071850018521418,12.1266002528561,12.2628472180833,11.4690326816197,11.5115572756856,275116736.507119,23253182.3582641,-0.6051193419084626,-0.3326293400092446,-0.2896304603030373,-0.43982420265885125,-0.4149109583509336,0.030197342721485665,0.8175377775589495,0.16773263396023674,0.8200494483064142,0.23244964081894604,0.8759271515204258,0.530245184980705,0.8508604047037513,0.4681533118243457,0.9509339373805494,0.6666666666666666,0.2,-0.05204989652321026,-0.05071850018521418,0.6969214666666667,0.12,0.08
2025-08-13,VELO,0.27614241113094606,0.0176641575119091,0.0188516980049324,0.0170695314587865,0.0187079330738968,22049021.9766285,1229137067.6716,0.6304380660258282,0.6818264356807191,0.5720504842264909,0.491601181871129,0.5218789697365516,-0.1376130770049484,0.9311177398175005,-0.1960247851996797,0.8371608676167883,0.038961631716795786,0.924775401192444,0.1526552171772244,0.9121442566915735,0.003954481334252469,0.911534857263163,0.6666666666666666,0.2,0.05741007528233504,0.27614241113094606,0.7028781333333333,0.092,0.08
2025-08-20,VELO,-0.048728380578855535,0.0187079330738968,0.0190026412636213,0.0177692844092319,0.0177963257912282,10311670.6342954,558749154.020646,-0.29058319668712684,-0.14072016759275385,-0.20869370931860232,-0.28561942282909314,-0.25076448674401774,-0.05647720411337065,0.872241074394916,-0.16647978969682364,0.8665613543473414,0.09339132096255631,0.9260585167653911,0.28110824196523887,0.9266799796601005,0.08080502320370764,0.9106665392930077,0.6666666666666666,0.4,-0.04995564268353788,-0.048728380578855535,0.6969214666666667,0.12,0.08
2025-08-13,VENOM,-0.13002439762381757,0.156047859532677,0.163351480588417,0.154472720197744,0.157397117386801,420038.320041539,2655951.13105442,-0.28078075659302293,-2.3466006092819853,-2.3219480365450362,-2.099291767389916,-1.8334806225428792,-0.1400790345475309,0.5325182460307939,-0.18768769185810874,0.5117318588754008,-0.20689400408274028,0.5106447512379547,0.11306158608668682,0.5650170555960966,0.3884856929164784,0.65105778162858,0.6666666666666666,0.0,0.008609269807013898,-0.13002439762381757,0.7028781333333333,0.092,0.08
2025-08-20,VENOM,-0.008466514900823396,0.157397117386801,0.157776878591675,0.155366765329861,0.156064512347099,147483.6401591,942629.07228992,-1.1264557245841988,-3.392686154216838,-3.1112082982455416,-3.1423202549680305,-2.8750972765897984,-0.12986569317455565,0.5310746707933499,-0.20855077655798782,0.503841785988353,-0.22252904092490067,0.5075692441990729,0.024728367902040915,0.5647776733106914,0.3800163614834522,0.6463585808031701,0.6666666666666666,0.0,-0.008502559429994677,-0.008466514900823396,0.6969214666666667,0.12,0.08
2025-08-13,VET,0.12771604417064086,0.0256705053473484,0.02663089842877,0.0253132205251279,0.026505146567315,58720941.8727519,2252733802.94428,0.34741621346033114,0.32795593557466773,0.2601179902247317,0.14026205608765707,0.2565129441452889,-0.07252524142909189,0.5869656707440624,-0.07977029124067891,0.6119958728992545,0.0496198218449555,0.6777993896165752,0.11699640437064351,0.6705863628794989,-0.18044530554199045,0.7111649994731792,0.6666666666666666,0.0,0.03199624323285354,0.12771604417064086,0.7028781333333333,0.092,0.08
2025-08-20,VET,-0.01461996275793298,0.026505146567315,0.0269471887500848,0.0259244351334523,0.0261176423116073,29369376.8450695,1111026429.75826,-0.44932960159813007,-0.3720465345654418,-0.41378108018504633,-0.554461482303104,-0.45137013058137043,-0.01305245346599615,0.48780744279163246,-0.07336798991865201,0.6066177182447926,0.017585431968696108,0.6701282783736668,0.19915341051673607,0.6729242556163731,-0.18584546089301368,0.7115145178955015,0.6666666666666666,0.0,-0.014727887609988775,-0.01461996275793298,0.6969214666666667,0.12,0.08
2025-08-13,VIRTUAL,0.1128646072537105,1.33615833536628,1.40649664710722,1.32439174879067,1.37259294730911,112606638.264607,82514163.2405974,0.06120147671903098,0.12340878261651511,-0.006515988696268238,-0.17937470017569979,-0.20012326647411882,-0.27742196677913245,1.0179237228665174,-0.29568193111137964,1.036882141125583,-0.19818777927092823,1.0196203876654684,-0.13224597180243214,0.975036606149219,-0.4372147531155348,1.144779956583294,0.6666666666666666,0.2,0.02690303069308251,0.1128646072537105,0.7028781333333333,0.092,0.08
2025-08-20,VIRTUAL,-0.04915700789087274,1.37259294730911,1.39418599419169,1.28610603430993,1.30512038496728,62626856.7611491,46582600.4093732,-0.5973352506883636,-0.4585390653629702,-0.5441668651440885,-0.7466510891921452,-0.7775735158639954,-0.13316470161339544,0.987779105557817,-0.2507102425169996,0.9689792203038547,-0.2317599534935494,1.0262964060507087,-0.07065246998161234,0.978693500878301,-0.34911792509539363,1.148416151183562,0.6666666666666666,0.2,-0.05040632774391655,-0.04915700789087274,0.6969214666666667,0.12,0.08
2025-08-13,WAL,0.16423513053717653,0.429219688276216,0.468869330042545,0.423903527730042,0.44868445447327,22113591.4509186,49304645.0917846,-0.7502703423126498,-0.3611139757485162,-0.18596058776449453,-0.04030182647631264,0.05728891772628941,-0.14254335411915398,0.827018060909579,-0.15588912835652047,0.8655266947352016,-0.07879699172743371,0.8438994452894915,-0.055194804945013054,0.8373824993819927,-0.3943220843938635,0.8767474252347964,0.6666666666666666,0.2,0.044350984942576735,0.16423513053717653,0.7028781333333333,0.092,0.08
2025-08-20,WAL,0.0035048679147957618,0.44868445447327,0.470670002566982,0.447850513683256,0.450257034221621,12666945.5064411,27619831.772912,-1.2601996622792342,-0.9397592639435253,-0.7569739527216726,-0.6088601847147501,-0.513780178530947,-0.06617480796926167,0.7559038286775988,-0.11817030327522215,0.8520712540967605,-0.023531112978618984,0.8435972160484707,0.07875865409324101,0.8323887264672468,-0.3364335424673519,0.8768875176224449,1.0,0.2,0.0034987401790079744,0.0035048679147957618,0.6969214666666667,0.12,0.08
2025-08-13,WBT,0.08996629705204584,45.7085499225506,46.8972060046971,45.4261987407001,46.7441131030771,95414113.7115952,2070812.31354642,0.4331542512989621,0.3601434182354133,0.3647529140769521,0.24451303292213566,0.3816840979241043,-0.026233677038714487,0.3072423820488099,-0.04391498520095716,0.2686966529457012,-0.07729491121114018,0.26768798192917825,-0.1044637517783229,0.28204985688544276,0.25767744767480183,0.5026650577763285,0.6666666666666666,0.6,0.022402956454727542,0.08996629705204584,0.7028781333333333,0.092,0.08
2025-08-20,WBT,-0.01133506492942149,46.7441131030771,47.0191684985154,46.1528377622842,46.2142655459855,36593774.1961457,785858.3333054,-0.5992863765944172,-0.6300977592969872,-0.6083352490337148,-0.6994239764361545,-0.586600578512467,-0.0015704653213010067,0.2918014878199136,-0.02655617539809585,0.2749637094148055,-0.054072852608599176,0.2708773022151695,-0.0755942095146781,0.2846410513170644,0.2931914827665931,0.5033198927278975,0.6666666666666666,0.6,-0.011399796399710428,-0.01133506492942149,0.6969214666666667,0.12,0.08
2025-08-13,WEMIX,0.05137178198080772,0.81761023884788,0.826230756104443,0.773630016909196,0.804262133180963,23985690.2046109,30172591.0389067,0.1549014030491449,-0.3206158454487493,-0.5528401038174877,-0.644008140172307,-0.3947631651672978,-0.1746719472542061,1.1830633085246025,0.14775610810522033,1.1684788552483327,0.9601513320452033,1.3360350258146902,0.8400803693988235,1.2925549195929849,0.9271324216410612,1.21609866162651,0.6666666666666666,0.0,-0.01646049008830467,0.05137178198080772,0.7028781333333333,0.092,0.08
2025-08-20,WEMIX,-0.010160129296097664,0.804262133180963,0.81023982030009,0.779454913002303,0.796090725919889,7991179.57730682,10065578.5846762,-0.9678245186923089,-1.445569532961505,-1.542281991056095,-1.740454343718726,-1.507885123469885,-0.14524637260259066,1.1482322551256585,0.0646636332543078,1.162433649134689,0.98183513411528,1.253690991843756,1.0473169760512744,1.2924529291144782,1.0002225188561078,1.2073423706486968,0.3333333333333333,0.0,-0.010212095699654956,-0.010160129296097664,0.6969214666666667,0.12,0.08
2025-08-13,WIF,0.1416862720468921,0.988857069861601,1.05839372744604,0.986870732991445,1.03233330856344,359520166.567338,349253985.965908,0.6059183562401529,0.6220288857819085,0.37687665135035076,0.1375429183209924,0.1163031969901489,-0.21615909821935575,1.0176260885277386,-0.15695150402520575,1.085599951377898,-0.049292063848363266,1.1350671597084563,0.14653975871487201,1.1274563097789019,0.16507226234040906,1.2399593446582151,0.6666666666666666,0.2,0.04302706598912096,0.1416862720468921,0.7028781333333333,0.092,0.08
2025-08-20,WIF,-0.019307618876946542,1.03233330856344,1.06807606809895,1.00255278009022,1.01240141048772,119586429.023231,115475392.455277,-0.660077064336889,-0.5138735953763565,-0.663068591719572,-0.9477979412045876,-0.9798502871383228,-0.07437565298330617,0.9801928014721238,-0.09729190877132954,0.9817371981040807,-0.08240643439294526,1.1359314637071638,0.27311019876845455,1.1288126748273957,0.13459486342815463,1.2400959634968125,0.6666666666666666,0.2,-0.019496445429117368,-0.019307618876946542,0.6969214666666667,0.12,0.08
2025-08-13,WLD,0.15450994752259506,1.05689521971521,1.13754658869149,1.03987500054467,1.11656564464117,259235307.550809,238234108.736835,0.3295599785800114,0.3494418402612105,0.20355027707994466,0.09966232707026634,0.22430231183799165,-0.1759373649628504,0.9373207976811465,-0.07225571844114986,0.8978906861465742,0.11540083738445706,1.0119216387150443,0.1478480224459724,0.9806764963756273,-0.09055096336316093,1.013090366662125,0.6666666666666666,0.0,0.05492201349804932,0.15450994752259506,0.7028781333333333,0.092,0.08
2025-08-20,WLD,-0.022246894217888058,1.11656564464117,1.13282315979462,1.07824301281201,1.09172552685751,143962112.68541,129531110.797007,-0.33909926842477844,-0.25933603200345345,-0.3270324225593839,-0.49288378671273136,-0.37528186919393036,-0.09883237354566043,0.8918868056902688,-0.01683264895069403,0.8927705539163093,0.018615233595228764,1.0158824849135404,0.24459867317628325,0.9839950416518076,-0.10169795043607477,1.0120968806409332,0.6666666666666666,0.0,-0.02249808889324916,-0.022246894217888058,0.6969214666666667,0.12,0.08
2025-08-13,WMTX,0.21976540248534837,0.174078671035847,0.186624235771331,0.173984698336889,0.185004868243359,5306652.02787753,29097029.094501,0.4321472254379728,0.5690120397287028,0.4663597900768739,0.45991734079723834,0.4371265722130939,-0.12238908596355547,0.711651345832675,-0.15674559760246887,0.6969800749985644,-0.04844019935891497,0.692444336509151,0.06898366206812145,0.681118015520636,-0.1500903915341033,0.6743853905648058,1.0,0.4,0.06087481013765952,0.21976540248534837,0.7028781333333333,0.092,0.08
2025-08-20,WMTX,0.009827877632945903,0.185004868243359,0.194779754244742,0.184907846890709,0.186823073449954,3074057.89859689,16228304.7319567,-0.23830845408781443,-0.019461104830114095,-0.07611395619633221,-0.11115617750493634,-0.08818539707790407,-0.06013251165225919,0.6899178757992318,-0.16322947951387345,0.6777249838627014,-0.003907260944756685,0.6761841373318742,0.150327429990458,0.6802385771357385,-0.1620820478369982,0.674612674910903,1.0,0.4,0.00977989814513709,0.009827877632945903,0.6969214666666667,0.12,0.08
2025-08-13,XAUT,-0.0014072263217902448,3350.71660384078,3366.71588654769,3342.22861895516,3363.23005735289,36663392.1327443,10924.2908195646,0.1277542350024916,0.18006009522179767,0.21552035906168143,0.26728448704695396,0.23145803293947864,-0.0063164746934399885,0.1287770303065361,0.0074711037398722535,0.12798174907719015,0.016064157941464208,0.13111137543979504,0.008603116484015239,0.12131118046932979,0.014779297019410498,0.1493649140012117,0.6666666666666666,0.2,0.003727604234333623,-0.0014072263217902448,0.7028781333333333,0.092,0.08
2025-08-20,XAUT,-0.0012653662652383213,3363.23005735289,3370.22288879782,3344.75983845542,3358.97433949608,15040413.1187928,4475.24734430351,-0.7944725762257576,-0.7054807230951887,-0.691993104097218,-0.6358425835762489,-0.658613560863003,0.00672633001797962,0.1294594884604143,0.016991823373480486,0.12584046300038423,0.0220745255982171,0.13092826749603714,0.02200397492997741,0.11759494243495988,0.015428248410653156,0.14800467783399007,0.6666666666666666,0.2,-0.0012661675171203124,-0.0012653662652383213,0.6969214666666667,0.12,0.08
2025-08-13,XCN,0.0010940764825617677,0.0139952814992937,0.0141702827300334,0.0137399958080564,0.0138429371509723,30202503.8926276,2169236611.47662,0.5034216121032955,0.5258872774416865,0.3808341635546313,0.2688201934472261,0.16903774299044017,-0.1542805079629992,0.5130707415684341,-0.270469878334866,0.5861295065300683,-0.0023372080037055154,0.6585304792752414,-0.11223799813645985,0.8517772404827955,-0.28503477544064804,0.8433182934885837,0.3333333333333333,0.2,-0.010945087476498987,0.0010940764825617677,0.7028781333333333,0.092,0.08
2025-08-20,XCN,-0.0020615106592386523,0.0138429371509723,0.01414072662524,0.0136905132843493,0.0138143997884804,13999780.8555075,1007312373.83502,-0.3715115188465994,-0.2769592225539306,-0.38093108616303084,-0.495983513711451,-0.6073504987835427,-0.08149800608213364,0.4406979155894588,-0.215642612190018,0.5386975273996633,-0.008966160246334454,0.6423384567614641,-0.048351339890491896,0.8506193246210704,-0.25149487050767894,0.8431362818487473,0.3333333333333333,0.2,-0.002063638497214447,-0.0020615106592386523,0.6969214666666667,0.12,0.08
2025-08-13,XDC,-0.03829223572205742,0.0903325881595369,0.0907248124004545,0.0880847113359443,0.0893225863463611,41400090.6875722,462321083.720612,0.14664617838591454,0.09271450913177048,-0.0030514707231397153,-0.076359548362678,-0.01063879506111931,0.05072182160926442,0.5350633406992075,0.19633590613138785,0.7420421278413898,0.3727530359032698,0.8621328743557949,0.5883360635503065,0.8296999095585081,0.20469803098527728,0.6922267815223825,0.3333333333333333,0.2,-0.011243900508251603,-0.03829223572205742,0.7028781333333333,0.092,0.08
2025-08-20,XDC,0.007137072439698411,0.0893225863463611,0.0900421361637563,0.0882140162236006,0.0899600881156163,17282392.748516,193806180.974812,-0.7788741571935631,-0.7523547153755743,-0.865554486077567,-0.947847666551894,-0.8914775325615167,0.08573082422167477,0.5248272515247184,0.14409197214363,0.7160963521779773,0.26872091761650596,0.8556775029540351,0.576454301506468,0.8292131709469206,0.16210226847812925,0.6921498810714177,0.6666666666666666,0.2,0.007111724075473809,0.007137072439698411,0.6969214666666667,0.12,0.08
2025-08-13,XEC,0.10059401416428515,2.19547928640126e-05,2.24330235840388e-05,2.16421642027955e-05,2.23684284483e-05,8130162.52262113,368487588342.478,-0.21143352560575934,-0.033117753231582725,-0.08157530705044103,-0.3614984471919165,-0.17896189478360114,-0.09894664448988055,0.5535305014813493,-0.07595569328529395,0.5728752933655398,0.048457335601622686,0.6195488271259233,0.05463628062171422,0.5628376602952457,-0.12455810190618644,0.6062475234204152,0.6666666666666666,0.2,0.018665050988767994,0.10059401416428515,0.7028781333333333,0.092,0.08
2025-08-20,XEC,-0.021969784984959384,2.23684284483e-05,2.26590844937511e-05,2.172759734635e-05,2.18769988848394e-05,3773053.51627921,169782057149.328,-1.0067761695927242,-0.7859892465760829,-0.8224133598782171,-1.095309552064224,-0.9537774898003146,-0.05045818740388641,0.5017006514726928,-0.048325171096881836,0.5732959662878556,0.030548699987703598,0.6249822135096994,0.1093634875403926,0.5681363476352338,-0.1304875629025376,0.6078232209114105,0.6666666666666666,0.0,-0.022214714726145546,-0.021969784984959384,0.6969214666666667,0.12,0.08
2025-08-13,XLM,0.12673307838639425,0.448556676469386,0.458474511990976,0.439766380033003,0.451246223461052,440651908.650774,979394284.802964,0.001241925100142538,0.08933530009170454,0.04591854685402552,-0.2517187589583223,-0.3937213377190929,-0.06324704127692127,0.8461084550697274,-0.11402374538076987,0.7554076709839016,0.3138926854139379,0.8729121006727156,0.5652696262892098,1.0295603270921188,0.2991423673504967,0.8091271100603189,0.6666666666666666,0.2,0.005978098096175039,0.12673307838639425,0.7028781333333333,0.092,0.08
2025-08-20,XLM,-0.015792456696803958,0.451246223461052,0.469909125743815,0.443912261560945,0.444119937017447,332000911.630386,726576877.994716,-0.3477039738883718,-0.21053445741837606,-0.19508483425345347,-0.4771419332610378,-0.6890195899365743,0.035231851383128676,0.8464267002115586,-0.11412498625724543,0.7581011861888539,0.3710294157679974,0.8034005555231172,0.769220681873265,1.0331499190180942,0.40368099823020076,0.8101120796382248,0.6666666666666666,0.2,-0.015918486178903048,-0.015792456696803958,0.6969214666666667,0.12,0.08
2025-08-13,XMR,-0.11960351330668362,253.041062365794,259.213264835645,245.78500603583,251.559963765636,62257261.9046116,245261.483776395,-0.8314646602881268,-0.8289757264219624,-0.8940400839074201,-0.8459530438074339,-0.7771863927150093,-0.09097726279287344,0.5346820209414577,-0.13729489735690315,0.5057116507722955,-0.12288025386567014,0.4957323846668315,-0.08307765691095159,0.4514945581564876,-0.044580872667253635,0.5865011966755604,0.0,0.0,-0.005870391762446896,-0.11960351330668362,0.7028781333333333,0.092,0.08
2025-08-20,XMR,0.027481351455542535,251.559963765636,258.964180576356,248.93669489016,258.473171542023,22416243.9562782,88270.1717084946,-1.7789608575947469,-1.8051231163205443,-1.8888656501506524,-1.8524146743854608,-1.7877979603483674,-0.18352742095212105,0.5754344922538762,-0.20925787202643376,0.48727097346867676,-0.1809265088640697,0.5034443970181998,-0.14413878165855765,0.46183889971863246,-0.1590780583536534,0.5896613687091251,0.3333333333333333,0.0,0.02711051778855453,0.027481351455542535,0.6969214666666667,0.12,0.08
2025-08-13,XRP,0.09252680399775026,3.26246531794055,3.32548848505864,3.20149944085801,3.27036739546781,6194232137.59977,1900295331.89934,0.15950997215166396,0.24172005242854055,0.16379640555528852,0.018241294377890682,0.11041166737750174,-0.05873887384300447,0.840643214705536,-0.012303217754730755,0.7078081739675857,0.24697714904236845,0.8891051718459669,0.3674057652227021,0.7936908693717605,0.2868323893237119,0.6471259379311732,0.6666666666666666,0.0,0.0024191898760658973,0.09252680399775026,0.7028781333333333,0.092,0.08
2025-08-20,XRP,-0.013470003820524434,3.27036739546781,3.34343603265169,3.22209276057567,3.22631553415634,3444932905.06945,1050120909.67663,-0.5081721351037451,-0.3697174625783255,-0.38353948756697775,-0.5656977247000121,-0.4915204413023382,0.05591928859062745,0.8333532392650834,-0.04458592244907644,0.7081534028202743,0.3052433236140024,0.7381388484106405,0.5714256939786309,0.7964750515672114,0.4148399005064003,0.6479603027462881,0.6666666666666666,0.0,-0.013561547312226415,-0.013470003820524434,0.6969214666666667,0.12,0.08
2025-08-13,XTZ,0.13465764195776964,0.863439759884777,0.888181679996434,0.849411176881278,0.885673620753396,41151275.070459,47210144.107099,-0.37102871234081647,-0.008918016569666065,-0.19755139338690597,-0.7927095587857025,-0.4488627396862235,-0.11134777805965401,0.8926369613075431,-0.07143796252237533,0.7656605292752191,0.08718694764357848,0.9830224784281757,0.15446085826952394,0.849736455047036,0.021900494900392253,0.7375344211855929,0.6666666666666666,0.2,0.025424376445591694,0.13465764195776964,0.7028781333333333,0.092,0.08
2025-08-20,XTZ,-0.011700756856418137,0.885673620753396,0.897441681994846,0.868048682163177,0.875310569062817,17555064.8990975,19960974.5503906,-1.2841787643242313,-0.8854710764794795,-0.9907173810921712,-1.6551632101895173,-1.3127100597227042,-0.07401041936334174,0.810198873300908,-0.058545407744144295,0.7668631149442406,0.06573207995066865,0.9815151387357208,0.20544391326986333,0.8512150002022594,0.0007983164925766673,0.7378521773714105,0.6666666666666666,0.2,-0.01176974941676293,-0.011700756856418137,0.6969214666666667,0.12,0.08
2025-08-13,ZBCN,-0.16856402328469133,0.0049818464329822,0.0050258189403546,0.0047493333200359,0.0048885303191059,22053269.2887878,4522083643.07522,0.05054124511469027,-0.01435902199612471,-0.04790787036312949,-0.06030035666851674,-0.07294100195263553,0.5263491246595842,1.3086504947565774,0.707726428286906,1.3649247380306517,0.4776183179016775,1.3820594747531703,0.29582809320468106,1.4639015185087454,1.3462431978199803,1.5657738322019346,0.3333333333333333,0.0,-0.01890888192060674,-0.16856402328469133,0.7028781333333333,0.092,0.08
2025-08-20,ZBCN,-0.033107040935689835,0.0048885303191059,0.0048992066548976,0.0046775170860366,0.0047266855457159,9273215.69633848,1941084591.88817,-0.7643366121746418,-0.8524848222265042,-0.9097674635379391,-0.9307100280450094,-0.9466211821307162,0.27370210034265985,1.1921168355627887,0.6302251696221979,1.3483247277980859,0.4864290937886562,1.366284747710615,0.2593433382213097,1.4547068658183409,0.9052917098660471,1.549059485011319,0.3333333333333333,0.2,-0.03366748348800793,-0.033107040935689835,0.6969214666666667,0.12,0.08
2025-08-13,ZEC,0.0887609660255253,39.52955172535,40.7616722315125,38.0098343995444,39.6752151150963,59176424.34901,1491251.4468569,0.32555093253900935,0.30185624624997587,0.2690201509256269,0.22884531378224438,0.19380598087276013,-0.11237038408829447,0.5809801867727268,-0.17629852727712647,0.5769325820827681,-0.10687296496151166,0.5890780933382755,-0.12243618295366654,0.5938824199371112,-0.13094369354808677,0.7684400110428317,0.6666666666666666,0.0,0.0036781511966458825,0.0887609660255253,0.7028781333333333,0.092,0.08
2025-08-20,ZEC,-0.011276580575288797,39.6752151150963,40.5008570253969,38.7478734806916,39.227814355009,26720683.333983,671146.897848965,-0.5479233419162313,-0.5205920157600659,-0.5284270876608197,-0.573252526085021,-0.6050661483052941,-0.07547550173712092,0.545865440460647,-0.17358495669485663,0.5783169279544667,-0.10326806529635235,0.5723046864275114,-0.03448626353987949,0.5821335629232088,-0.10540084678909623,0.7521393511421219,0.6666666666666666,0.0,-0.01134064327076963,-0.011276580575288797,0.6969214666666667,0.12,0.08
